1,1,0,0.09,0
2,1,50,0.09,0
3,1,200,0.21,0
4,1,250,3.078,0
5,1,300,3.048,-1.813
6,1,450,0.875,-2.37
7,1,600,2.988,0
8,1,650,2.868,0
9,1,700,2.688,-0.15
10,1,750,2.688,-0.15
11,1,800,2.688,-0.15
12,1,850,0.875,-0.18
13,1,900,0.875,-0.21
14,1,950,0.875,-0.24
15,1,1000,0.875,-0.3
16,1,1050,0.875,-0.42
17,1,1100,0.875,-0.57
18,1,1150,0.875,-1.08
19,1,1200,0.875,-1.56
20,1,1250,2.231,-1.813
21,1,1300,2.231,-1.813
22,1,1350,0.875,-2.04
23,1,1400,0.875,-2.16
24,1,1450,0.875,-2.28
25,1,1500,0.875,-2.37
26,1,1550,0.875,-2.46
27,1,1600,0.875,-2.52
28,1,1650,1.175,-3.625
29,1,1700,0.875,-3.27
30,1,1750,1.085,-3.625
31,1,1800,0.875,-2.4
32,1,1850,1.781,-1.974
33,1,1900,0.875,-2.34
34,1,1950,1.781,-1.974
35,1,2000,0.875,-2.37
36,1,2050,0.875,-3.48
37,1,2100,0.875,-3.48
38,1,2150,0.875,-2.4
39,1,2200,1.025,-3.625
40,1,2350,1.781,-2.004
41,1,2450,0.875,-2.4
42,1,2500,1.781,-1.974
43,1,2550,0.875,-2.1
44,1,2650,0.875,-0.93
45,1,2700,0.875,-0.03
46,1,2750,1.781,0.096
47,1,2800,1.781,0.186
48,1,2850,1.781,0.276
49,1,2900,1.781,0.306
50,1,2950,1.781,0.396
51,1,3000,1.781,0.486
52,1,3050,2.231,0.906
53,1,3100,2.688,1.849
54,1,3150,2.688,2.029
55,1,3200,2.688,2.329
56,1,3250,2.411,2.719
57,1,3300,2.261,2.719
58,1,3350,2.081,2.719
59,1,3400,1.781,2.509
60,1,3450,1.781,2.509
61,1,3500,1.781,2.509
62,1,3550,1.781,2.509
63,1,3600,1.781,2.479
64,1,3650,1.781,2.449
65,1,3700,1.781,2.479
66,1,3750,1.781,2.509
67,1,3800,1.781,2.509
68,1,3850,1.781,2.539
69,1,3900,1.781,2.539
70,1,3950,1.781,2.509
71,1,4000,1.781,2.479
72,1,4050,2.231,2.719
73,1,4100,0.875,3.109
74,1,4150,2.501,2.719
75,1,4200,2.255,3.625
76,1,4250,0.875,3.469
77,1,4300,0.875,3.439
78,1,4350,2.195,3.625
79,1,4400,2.471,2.719
80,1,4450,2.105,3.625
81,1,4500,1.781,2.089
82,1,4550,2.165,3.625
83,1,4600,2.435,3.625
84,1,4650,2.688,2.689
85,1,4700,3.125,3.625
86,1,4750,3.594,3.295
87,1,4800,3.594,2.515
88,1,4850,3.594,2.485
89,1,4900,3.594,2.335
90,1,4950,3.594,2.155
91,1,5000,3.594,1.915
92,1,5050,3.594,1.825
93,1,5100,3.594,1.375
94,1,5150,4.068,0
95,1,5200,4.068,0
96,1,5250,4.038,0
97,1,5300,4.158,0
98,1,5350,4.308,0
99,1,5400,4.458,0
100,1,5450,4.5,0
101,1,5500,4.5,0
102,1,5550,4.5,0
103,1,5600,4.5,0.025
104,1,5650,4.5,0.145
105,1,5700,4.5,0.265
106,1,5750,4.5,0.355
107,1,5800,4.5,0.385
108,1,5850,4.5,1.045
109,1,5900,4.5,1.735
110,1,5950,4.5,1.975
111,1,6000,4.5,2.305
112,1,6050,4.68,2.719
113,1,6100,4.77,2.719
114,1,6150,4.89,2.719
115,1,6200,5.04,2.719
116,1,6250,5.04,2.719
117,1,6300,5.85,2.719
118,1,6350,5.1,2.719
119,1,6400,5.1,2.719
120,1,6450,5.37,2.719
121,1,6500,5.88,2.719
122,1,6550,6.3,2.719
123,1,6600,6.57,2.719
124,1,6650,6.81,2.719
125,1,6700,7.59,2.719
126,1,6750,7.71,2.719
127,1,6800,7.83,2.719
128,1,6850,7.92,2.719
129,1,6900,8.124,2.479
130,1,6950,8.124,2.449
131,1,7000,8.124,2.449
132,1,7050,8.124,2.449
133,1,7100,8.124,2.449
134,1,7150,8.124,2.449
135,1,7200,8.124,2.449
136,1,7250,8.124,2.449
137,1,7300,8.124,2.449
138,1,7350,8.124,2.449
139,1,7400,8.124,2.479
140,1,7450,8.124,2.479
141,1,7500,8.124,2.509
142,1,7550,8.124,2.329
143,1,7600,8.124,1.699
144,1,7650,8.124,1.099
145,1,7700,8.124,-0.161
146,1,7750,8.124,-0.341
147,1,7800,8.124,-0.521
148,1,7850,8.124,-0.641
149,1,7900,8.124,-0.551
150,1,7950,8.124,-0.671
151,1,8000,8.058,-0.906
152,1,8050,7.968,-0.906
153,1,8100,7.878,-0.906
154,1,8150,7.758,-0.906
155,1,8200,7.608,-0.906
156,1,8250,7.218,-1.236
157,1,8300,7.218,-1.266
158,1,8350,7.218,-1.326
159,1,8400,7.218,-1.386
160,1,8450,7.218,-1.446
161,1,8500,7.218,-1.506
162,1,8550,7.218,-1.626
163,1,8600,7.218,-1.716
164,1,8650,7.218,-1.806
165,1,8700,7.218,-1.813
166,1,8750,7.518,-1.813
167,1,8800,7.788,-1.813
168,1,8850,7.908,-1.813
169,1,8900,8.124,-1.933
170,1,8950,8.124,-1.933
171,1,9000,8.124,-1.963
172,1,9050,8.124,-2.113
173,1,9100,8.124,-2.203
174,1,9150,8.124,-2.233
175,1,9200,8.124,-3.583
176,1,9250,8.154,-3.625
177,1,9300,8.154,-3.625
178,1,9350,8.244,-3.625
179,1,9400,8.364,-3.625
180,1,9450,8.484,-3.625
181,1,9500,8.634,-3.625
182,1,9550,8.784,-3.625
183,1,9600,9.942,-3.625
184,1,9650,9.48,-1.813
185,1,9700,9.03,-2.256
186,1,9750,9.03,-2.406
187,1,9800,9.03,-2.556
188,1,9850,9.03,-3.216
189,1,9900,9.03,-3.216
190,1,9950,9.03,-2.436
191,1,10000,9.03,-2.226
192,1,10050,9.42,-1.813
193,1,10100,9.03,-1.656
194,1,10150,9.03,-1.416
195,1,10200,9.03,-1.356
196,1,10250,9.03,-1.356
197,1,10300,9.03,-1.386
198,1,10350,9.03,-1.356
199,1,10400,9.03,-1.326
200,1,10450,9.03,-1.236
201,1,10500,9.03,-1.206
202,1,10550,9.96,-0.906
203,1,10600,10.05,-0.906
204,1,10650,10.14,-0.906
205,1,10700,10.35,-0.906
206,1,10750,11.748,-1.35
207,1,10800,11.748,-1.35
208,1,10850,11.748,-1.35
209,1,10900,11.748,-1.32
210,1,10950,11.748,-1.32
211,1,11000,11.748,-1.32
212,1,11050,11.748,-1.32
213,1,11100,11.748,-1.32
214,1,11150,11.748,-1.32
215,1,11200,11.748,-1.32
216,1,11250,11.748,-1.32
217,1,11300,11.748,-1.32
218,1,11350,11.748,-1.32
219,1,11400,11.748,-1.32
220,1,11450,11.748,-1.32
221,1,11500,11.748,-1.29
222,1,11550,11.748,-1.02
223,1,11600,11.7,-0.906
224,1,11650,11.748,-0.42
225,1,11700,11.748,-0.3
226,1,11750,12.078,0
227,1,11800,9.81,0
228,1,11850,9.69,0
229,1,11900,12.438,0
230,1,11950,12.558,0
231,1,12000,0,0
232,1,12050,0,0
233,1,12100,0,0
234,1,12150,0,0
235,1,12200,0,0
236,1,12250,0,0
237,1,12300,0,0
238,1,12350,0,0
239,1,12400,0,0
240,1,12450,0,0
241,1,12500,0,0
242,1,12550,0,0
243,1,12600,0,0
244,1,12650,0,0
245,1,12700,0,0
246,1,12750,0,0
247,1,12800,0,0
248,1,12850,0,0
249,1,12900,0,0
250,1,12950,0,0
251,2,0,0.24,0
252,2,100,3.048,0
253,2,150,2.688,2.149
254,2,250,2.688,2.149
255,2,300,3.048,0
256,2,350,3.048,0
257,2,400,3.048,0
258,2,550,0.875,-0.63
259,2,600,0.875,-0.75
260,2,750,1.781,-0.954
261,2,900,0.24,0
262,2,950,3.048,0
263,3,0,0.15,0
264,3,50,2.988,0
265,3,100,0.48,0
266,3,150,2.688,-0.09
267,3,200,0.72,0
268,3,250,0.78,0
269,3,300,0.78,0
270,3,350,0.78,0
271,3,400,0.875,-0.12
272,3,450,0.875,-0.18
273,3,500,0.875,-1.11
274,3,650,1.781,-2.244
275,3,700,1.781,-2.214
276,3,750,1.781,-2.064
277,3,800,1.781,-1.914
278,3,850,1.781,-1.794
279,3,900,1.781,-1.674
280,3,950,1.781,-1.614
281,3,1000,1.781,-1.524
282,3,1050,1.781,-1.404
283,3,1100,1.781,-1.344
284,3,1150,1.781,-1.254
285,3,1200,1.781,-1.134
286,3,1250,1.781,-0.624
287,3,1300,1.781,-0.534
288,3,1350,1.781,-0.474
289,3,1400,1.781,-0.414
290,3,1450,0.875,-0.45
291,3,1500,0.875,-0.42
292,3,1550,1.781,-0.264
293,3,1600,1.781,-0.174
294,3,1650,1.781,-0.054
295,3,1700,1.781,-0.024
296,3,1750,1.781,0.186
297,3,1800,1.781,0.336
298,3,1850,1.781,0.456
299,3,1900,2.141,0.906
300,3,1950,2.231,0.906
301,3,2000,2.381,0.906
302,3,2050,2.471,0.906
303,3,2100,2.688,1.399
304,3,2150,2.688,1.399
305,3,2200,2.688,1.429
306,3,2250,2.688,1.429
307,3,2300,2.688,1.429
308,3,2350,2.688,1.489
309,3,2400,2.688,1.429
310,3,2450,2.688,1.519
311,3,2500,2.688,1.609
312,3,2550,2.688,1.699
313,3,2600,2.688,1.789
314,3,2650,2.688,1.849
315,3,2700,2.688,1.939
316,3,2750,2.688,1.999
317,3,2800,2.688,2.059
318,3,2850,2.688,2.119
319,3,2900,2.688,2.119
320,3,2950,2.688,2.269
321,3,3000,2.381,2.719
322,3,3050,2.171,2.719
323,3,3100,2.051,2.719
324,3,3150,1.781,2.539
325,3,3200,1.781,2.539
326,3,3250,1.781,2.539
327,3,3300,1.781,2.539
328,3,3350,1.781,2.509
329,3,3400,1.781,2.539
330,3,3450,1.781,2.539
331,3,3500,1.781,2.539
332,3,3550,1.175,2.719
333,3,3600,1.655,3.625
334,3,3650,2.195,3.625
335,3,3700,2.165,3.625
336,3,3750,1.781,2.089
337,3,3800,1.985,3.625
338,3,3850,2.165,3.625
339,3,3900,2.345,3.625
340,3,3950,2.465,3.625
341,3,4000,2.688,1.879
342,3,4050,2.885,3.625
343,3,4100,2.688,2.059
344,3,4150,3.594,2.065
345,3,4200,3.594,1.855
346,3,4250,3.594,1.615
347,3,4300,3.594,1.255
348,3,4350,3.594,0.505
349,3,4400,3.594,1.045
350,3,4450,3.594,0.625
351,3,4500,3.594,0.445
352,3,4550,3.594,0.265
353,3,4600,3.918,0
354,3,4650,3.948,0
355,3,4700,4.008,0
356,3,4750,4.098,0
357,3,4800,4.158,0
358,3,4850,4.218,0
359,3,4900,4.308,0
360,3,4950,4.398,0
361,3,5000,4.488,0
362,3,5050,4.5,0.025
363,3,5100,4.5,0.145
364,3,5150,4.5,0.235
365,3,5200,4.5,0.265
366,3,5250,4.5,0.355
367,3,5300,4.5,0.505
368,3,5350,4.5,0.655
369,3,5400,4.5,0.655
370,3,5450,4.5,1.345
371,3,5500,4.5,1.465
372,3,5550,4.5,1.645
373,3,5600,4.5,1.825
374,3,5650,4.5,2.005
375,3,5700,4.5,2.215
376,3,5750,4.5,2.335
377,3,5800,4.5,2.365
378,3,5850,4.8,2.719
379,3,5900,4.89,2.719
380,3,5950,5.04,2.719
381,3,6000,5.82,2.719
382,3,6050,5.58,2.719
383,3,6100,5.79,2.719
384,3,6150,5.94,2.719
385,3,6200,6.15,2.719
386,3,6250,6.36,2.719
387,3,6300,6.54,2.719
388,3,6350,6.72,2.719
389,3,6400,6.72,2.719
390,3,6450,6.81,2.719
391,3,6500,7.77,2.719
392,3,6550,8.124,2.419
393,3,6600,8.124,2.389
394,3,6650,8.124,2.359
395,3,6700,8.124,2.269
396,3,6750,8.124,2.179
397,3,6800,8.124,2.059
398,3,6850,8.124,1.939
399,3,6900,8.124,1.789
400,3,6950,8.124,1.639
401,3,7000,8.124,1.609
402,3,7050,8.124,-0.821
403,3,7100,9.03,-0.966
404,3,7200,9.03,-2.586
405,3,7250,9.03,-3.216
406,3,7300,9.03,-3.216
407,3,7350,9.03,-2.586
408,3,7400,9.03,-2.466
409,3,7450,9.03,-2.316
410,3,7550,9.48,-1.813
411,3,7600,9.03,-1.536
412,3,7650,9.03,-1.386
413,3,7700,9.03,-1.206
414,3,7750,9.03,-1.116
415,3,7800,9.03,-1.146
416,3,7850,9.57,-0.906
417,3,7900,9.57,-1.813
418,3,7950,9.84,-0.906
419,3,8000,10.05,-0.906
420,3,8050,10.32,-0.906
421,3,8100,10.47,-0.906
422,3,8150,10.62,-0.906
423,3,8200,11.748,-1.29
424,3,8250,11.748,-1.29
425,3,8300,11.748,-1.38
426,3,8350,11.748,-1.32
427,3,8400,11.748,-1.32
428,3,8450,11.748,-1.05
429,3,8500,11.748,-0.96
430,3,8550,11.748,-0.9
431,3,8600,11.748,-0.36
432,3,8650,12.168,0
433,3,8700,12.198,0
434,3,8750,12.438,0
435,3,8900,0,0
436,3,8950,0,0
437,3,9000,0,0
438,3,9050,0,0
439,3,9100,0,0
440,3,9150,0,0
441,3,9200,0,0
442,3,9250,0,0
443,3,9300,0,0
444,3,9350,0,0
445,3,9400,0,0
446,3,9450,0,0
447,3,9500,0,0
448,3,9550,0,0
449,3,9600,0,0
450,3,9650,0,0
451,3,9700,0,0
452,3,9750,0,0
453,3,9800,0,0
454,3,9850,0,0
455,3,9900,0,0
456,3,9950,0,0
457,3,10000,0,0
458,3,10050,0,0
459,3,10100,0,0
460,3,10150,0,0
461,3,10200,0,0
462,3,10250,0,0
463,3,10300,0,0
464,3,10350,0,0
465,3,10400,0,0
466,3,10450,0,0
467,3,10500,0,0
468,3,10550,0,0
469,3,10600,0,0
470,3,10650,0,0
471,3,10700,0,0
472,3,10750,0,0
473,3,10800,0,0
474,3,10850,0,0
475,3,10900,0,0
476,3,10950,0,0
477,3,11000,0,0
478,3,11050,0,0
479,3,11100,0,0
480,3,11150,0,0
481,3,11200,0,0
482,3,11250,0,0
483,3,11300,0,0
484,3,11350,0,0
485,3,11400,0,0
486,3,11450,0,0
487,4,0,0.21,0
488,4,50,3.078,0
489,4,100,0.27,0
490,4,150,0.33,0
491,4,200,2.868,0
492,4,250,2.688,-0.12
493,4,300,2.688,-0.12
494,4,350,0.875,-0.12
495,4,400,0.875,-0.15
496,4,450,0.875,-0.21
497,4,500,0.875,-0.27
498,4,550,0.875,-0.42
499,4,600,0.875,-1.23
500,4,750,1.781,-2.184
501,4,800,0.875,-2.4
502,4,850,0.875,-2.49
503,4,900,0.875,-2.52
504,4,950,0.875,-2.64
505,4,1000,0.875,-3.33
506,4,1050,1.055,-3.625
507,4,1100,0.875,-2.4
508,4,1150,0.875,-2.37
509,4,1200,0.875,-2.4
510,4,1250,0.875,-2.43
511,4,1300,0.875,-2.43
512,4,1350,1.085,-3.625
513,4,1450,1.565,-3.625
514,4,1500,1.781,-2.334
515,4,1550,1.781,-2.454
516,4,1600,1.781,-2.364
517,4,1650,1.781,-2.274
518,4,1700,1.781,-2.244
519,4,1750,1.781,-2.124
520,4,1800,1.781,-2.034
521,4,1850,1.781,-1.914
522,4,1900,1.961,-1.813
523,4,1950,2.171,-1.813
524,4,2000,2.381,-1.813
525,4,2050,2.531,-1.813
526,4,2100,2.688,-1.65
527,4,2150,2.688,-1.53
528,4,2200,2.688,-1.41
529,4,2250,2.688,-1.47
530,4,2400,3.594,0.955
531,4,2450,3.594,1.105
532,4,2600,6.39,2.719
533,4,2650,6.57,2.719
534,4,2700,6.87,2.719
535,4,2750,7.53,2.719
536,4,2800,7.53,2.719
537,4,2850,7.62,2.719
538,4,2900,7.62,2.719
539,4,2950,7.74,2.719
540,4,3000,7.86,2.719
541,4,3050,8.124,2.329
542,4,3100,8.124,2.149
543,4,3150,8.124,1.969
544,4,3200,8.124,1.789
545,4,3250,8.124,1.639
546,4,3300,8.124,1.519
547,4,3350,8.124,1.429
548,4,3400,8.124,0.469
549,4,3450,8.124,1.219
550,4,3500,8.124,0.559
551,4,3550,8.124,0.619
552,4,3600,8.124,1.129
553,4,3650,8.124,1.129
554,4,3700,8.124,1.189
555,4,3750,8.124,0.559
556,4,3800,8.124,0.439
557,4,3850,8.124,0.289
558,4,3900,8.124,0.139
559,4,3950,8.124,-0.011
560,4,4000,8.124,-0.161
561,4,4050,8.124,-0.311
562,4,4100,8.124,-0.491
563,4,4150,8.124,-0.671
564,4,4200,7.998,-0.906
565,4,4250,7.968,-0.906
566,4,4300,7.908,-0.906
567,4,4350,7.818,-0.906
568,4,4400,7.728,-0.906
569,4,4450,7.668,-0.906
570,4,4500,7.548,-0.906
571,4,4550,7.218,-1.236
572,4,4600,7.218,-1.296
573,4,4650,7.218,-1.446
574,4,4700,7.218,-1.566
575,4,4750,7.218,-1.686
576,4,4800,7.218,-1.813
577,4,4850,7.218,-1.813
578,4,4900,7.218,-1.813
579,4,4950,7.218,-1.813
580,4,5000,7.398,-1.813
581,4,5050,7.788,-1.813
582,4,5100,7.908,-1.813
583,4,5150,8.124,-1.963
584,4,5200,8.124,-1.963
585,4,5250,8.124,-2.083
586,4,5300,8.124,-2.233
587,4,5350,8.184,-3.625
588,4,5400,8.244,-3.625
589,4,5450,8.334,-3.625
590,4,5500,8.454,-3.625
591,4,5650,10.2,-1.813
592,4,5700,11.748,-1.32
593,4,5750,11.748,-1.05
594,4,5800,11.748,-1.05
595,4,5850,11.67,-0.906
596,4,5900,11.748,-0.84
597,4,5950,11.748,-0.27
598,4,6000,10.02,0
599,4,6050,9.87,0
600,4,6100,12.318,0
601,4,6150,12.498,0
602,4,6250,0,0
603,4,6300,0,0
604,4,6350,0,0
605,4,6400,0,0
606,4,6450,0,0
607,4,6500,0,0
608,4,6550,0,0
609,4,6600,0,0
610,4,6650,0,0
611,4,6700,0,0
612,4,6750,0,0
613,4,6800,0,0
614,4,6850,0,0
615,4,6900,0,0
616,4,6950,0,0
617,4,7000,0,0
618,4,7050,0,0
619,4,7100,0,0
620,4,7150,0,0
621,4,7200,0,0
622,4,7250,0,0
623,4,7300,0,0
624,4,7350,0,0
625,4,7400,0,0
626,4,7450,0,0
627,4,7500,0,0
628,4,7550,0,0
629,4,7600,0,0
630,4,7700,2.808,0
631,4,7750,2.688,-0.42
632,4,7800,2.688,-0.36
633,4,7850,0.33,0
634,4,7900,3.018,0
635,4,7950,3.078,0
636,5,0,3.198,0
637,5,50,3.198,0
638,5,100,3.198,0
639,5,200,3.078,-1.813
640,5,250,3.078,-1.813
641,5,400,0.15,0
642,5,450,3.138,0
643,5,500,3.108,0
644,5,550,2.898,-1.813
645,5,600,0.875,-2.19
646,5,650,0.875,-2.31
647,5,700,0.875,-2.37
648,5,750,1.085,-3.625
649,5,800,0.875,-2.43
650,5,850,0.965,-3.625
651,5,900,0.905,-3.625
652,5,1050,1.781,0.126
653,5,1100,1.781,0.276
654,5,1150,1.781,0.036
655,5,1200,1.781,2.209
656,5,1250,1.781,2.089
657,5,1300,1.781,1.939
658,5,1350,1.655,1.813
659,5,1400,1.655,1.813
660,5,1450,1.655,1.813
661,5,1500,1.715,1.813
662,5,1550,1.355,1.813
663,5,1600,1.235,1.813
664,5,1650,1.115,1.813
665,5,1700,1.085,1.813
666,5,1750,0.875,1.26
667,5,1800,0.875,0.99
668,5,1850,0.75,0
669,5,1900,0.875,-0.12
670,5,1950,0.875,-0.3
671,5,2000,0.875,-0.54
672,5,2050,0.875,-1.32
673,5,2100,0.875,-1.5
674,5,2150,0.875,-1.65
675,5,2200,2.201,-1.813
676,5,2250,2.231,-1.813
677,5,2300,2.231,-1.813
678,5,2350,1.781,-2.064
679,5,2400,0.875,-2.25
680,5,2450,0.875,-2.37
681,5,2500,0.875,-2.52
682,5,2550,0.875,-3.18
683,5,2600,0.875,-3.27
684,5,2650,1.115,-3.625
685,5,2700,1.055,-3.625
686,5,2800,0.875,-2.4
687,5,2850,0.875,-3.48
688,5,2900,0.875,-3.48
689,5,3000,0.875,-3.51
690,5,3100,1.055,-3.625
691,5,3200,1.385,-3.625
692,5,3250,1.715,-3.625
693,5,3300,1.781,-3.474
694,5,3350,1.781,-2.574
695,5,3400,1.781,-2.544
696,5,3450,1.781,-2.484
697,5,3600,2.688,-1.26
698,5,3650,2.688,-0.24
699,5,3700,3.108,0
700,5,3750,3.594,1.495
701,5,3800,3.594,1.555
702,5,3850,3.594,1.615
703,5,3900,3.594,1.735
704,5,3950,3.594,1.795
705,5,4000,3.594,1.915
706,5,4050,3.594,1.975
707,5,4100,3.594,2.215
708,5,4150,3.594,2.365
709,5,4200,3.594,2.545
710,5,4250,3.594,3.295
711,5,4300,3.594,2.515
712,5,4350,3.594,2.395
713,5,4400,3.594,2.275
714,5,4500,3.594,2.155
715,5,4550,3.594,2.155
716,5,4600,3.594,2.155
717,5,4650,2.688,2.509
718,5,4700,2.591,2.719
719,5,4850,3.185,3.625
720,5,4900,3.155,3.625
721,5,4950,3.065,3.625
722,5,5000,2.885,3.625
723,5,5050,2.615,3.625
724,5,5100,2.375,3.625
725,5,5150,2.135,3.625
726,5,5200,2.105,3.625
727,5,5250,1.055,3.625
728,5,5300,2.195,3.625
729,5,5350,0.875,3.289
730,5,5400,0.875,3.199
731,5,5450,0.875,2.719
732,5,5500,2.411,2.719
733,5,5600,2.201,2.719
734,5,5650,2.081,2.719
735,5,5700,1.781,2.539
736,5,5750,1.781,2.509
737,5,5800,1.781,2.509
738,5,5850,1.781,2.389
739,5,5900,1.781,2.299
740,5,5950,1.781,2.149
741,5,6000,1.781,0.096
742,5,6050,1.781,-0.234
743,5,6100,1.781,-0.054
744,5,6150,1.781,-0.234
745,5,6200,1.781,-2.334
746,5,6250,1.781,-2.244
747,5,6300,1.781,-2.154
748,5,6350,1.781,-2.064
749,5,6400,1.781,-2.064
750,5,6450,2.111,-1.813
751,5,6500,2.381,-1.813
752,5,6550,2.561,-1.813
753,5,6600,2.808,-1.813
754,5,6650,2.898,-1.813
755,5,6700,2.868,-1.813
756,5,6750,2.808,-1.813
757,5,6800,2.778,-1.813
758,5,6850,2.718,-1.813
759,5,6900,2.688,-1.77
760,5,6950,2.688,-1.74
761,5,7000,2.688,-1.71
762,5,7050,2.688,-1.62
763,5,7100,2.688,-1.05
764,5,7150,2.688,-0.12
765,5,7200,2.688,-0.18
766,5,7250,2.958,0
767,5,7300,2.928,0
768,5,7350,3.078,0
769,5,7400,2.778,0
770,5,7450,3.918,0
771,5,7500,3.978,0
772,5,7550,4.068,0
773,5,7600,4.218,0
774,5,7650,4.338,0
775,5,7700,4.428,0
776,5,7750,4.5,0.085
777,5,7800,4.5,0.145
778,5,7850,4.5,0.235
779,5,7900,4.5,0.325
780,5,7950,4.5,0.415
781,5,8000,4.5,0.475
782,5,8050,4.5,0.565
783,5,8100,4.5,0.655
784,5,8150,4.5,1.315
785,5,8200,4.5,1.555
786,5,8250,4.5,1.765
787,5,8300,4.5,1.975
788,5,8350,4.5,2.095
789,5,8400,4.5,2.185
790,5,8450,4.5,2.245
791,5,8500,4.5,2.305
792,5,8550,4.8,2.719
793,5,8600,4.89,2.719
794,5,8650,5.25,2.719
795,5,8700,5.31,2.719
796,5,8750,6.03,2.719
797,5,8800,6.24,2.719
798,5,8850,6.51,2.719
799,5,8900,6.75,2.719
800,5,8950,6.93,2.719
801,5,9000,7.38,2.719
802,5,9100,7.218,0.486
803,5,9150,7.218,0.276
804,5,9300,8.124,-1.903
805,5,9350,8.124,-2.023
806,5,9400,8.124,-2.143
807,5,9450,8.124,-2.323
808,5,9500,8.214,-3.625
809,5,9550,8.334,-3.625
810,5,9600,8.514,-3.625
811,5,9650,8.694,-3.625
812,5,9700,8.844,-3.625
813,5,9750,9.03,-2.376
814,5,9800,9.03,-2.526
815,5,9850,9.03,-3.276
816,5,9900,9.03,-2.526
817,5,9950,9.03,-2.136
818,5,10000,9.42,-1.813
819,5,10050,9.42,-1.813
820,5,10100,9.51,-1.813
821,5,10150,9.6,-1.813
822,5,10200,9.69,-1.813
823,5,10250,10.02,-0.906
824,5,10300,10.23,-0.906
825,5,10350,10.41,-0.906
826,5,10400,10.59,-0.906
827,5,10450,10.74,-0.906
828,5,10500,10.77,-0.906
829,5,10550,11.46,-0.906
830,5,10600,11.46,-0.906
831,5,10650,10.53,-0.906
832,5,10800,12.378,0
833,5,10850,12.408,0
834,5,10900,9.6,0
835,5,10950,12.468,0
836,5,11000,9.51,0
837,5,11050,12.528,0
838,5,11100,9.48,0
839,5,11150,9.48,0
840,5,11200,9.48,0
841,5,11250,12.528,0
842,5,11300,9.48,0
843,5,11350,12.528,0
844,5,11400,12.528,0
845,5,11450,9.48,0
846,5,11500,12.528,0
847,5,11550,12.528,0
848,5,11600,9.48,0
849,5,11650,12.558,0
850,5,11700,0,0
851,5,11750,0,0
852,5,11800,0,0
853,5,11850,0,0
854,5,11900,0,0
855,5,11950,0,0
856,6,0,3.198,0
857,6,50,3.198,0
858,6,100,3.198,0
859,6,250,0.18,0
860,6,400,0.875,0.66
861,6,500,0.875,0.66
862,6,550,0.875,0.66
863,6,650,0.875,0.66
864,6,700,0.875,0.66
865,6,850,0.875,0.63
866,6,900,0.875,0.63
867,6,950,0.875,-2.37
868,6,1100,3.168,0
869,6,1150,0.21,0
870,6,1200,3.018,0
871,6,1250,0.39,0
872,6,1300,2.808,0
873,6,1350,2.688,-0.12
874,6,1400,2.688,-0.12
875,6,1450,2.688,-0.15
876,6,1500,0.875,-0.18
877,6,1550,0.875,-0.21
878,6,1600,0.875,-0.27
879,6,1650,0.875,-0.33
880,6,1700,0.875,-0.36
881,6,1750,0.875,-0.48
882,6,1800,0.875,-0.66
883,6,1850,0.875,-0.6
884,6,1900,0.875,-1.02
885,6,1950,0.875,-0.99
886,6,2000,0.875,-1.32
887,6,2050,0.875,-1.53
888,6,2100,2.111,-1.813
889,6,2150,2.111,-1.813
890,6,2200,0.875,-2.04
891,6,2250,0.875,-2.16
892,6,2300,0.875,-2.16
893,6,2350,0.875,-2.28
894,6,2400,0.875,-2.37
895,6,2450,0.875,-2.46
896,6,2500,1.781,-2.124
897,6,2550,0.875,-2.58
898,6,2600,0.875,-3.39
899,6,2650,0.875,-2.4
900,6,2700,0.875,-3.51
901,6,2750,0.995,-3.625
902,6,2800,1.025,-3.625
903,6,2850,0.875,-3.42
904,6,2900,0.875,-3.42
905,6,2950,0.875,-3.42
906,6,3000,0.875,-3.42
907,6,3050,0.875,-2.46
908,6,3100,1.085,-3.625
909,6,3150,0.875,-3.33
910,6,3200,1.175,-3.625
911,6,3350,1.355,-3.625
912,6,3400,1.415,-3.625
913,6,3450,1.505,-3.625
914,6,3500,1.685,-3.625
915,6,3550,1.685,-3.625
916,6,3600,1.781,-3.504
917,6,3650,1.781,-3.444
918,6,3700,1.781,-2.454
919,6,3750,1.781,-2.604
920,6,3800,1.781,-2.604
921,6,3850,1.781,-2.574
922,6,3900,1.781,-2.574
923,6,3950,1.781,-2.574
924,6,4000,1.781,-2.514
925,6,4050,1.781,-2.454
926,6,4100,1.781,-2.364
927,6,4150,1.781,-2.274
928,6,4200,1.781,-2.154
929,6,4250,1.781,-2.064
930,6,4300,1.781,-2.004
931,6,4350,1.781,-1.974
932,6,4400,1.781,-1.944
933,6,4450,1.781,-1.914
934,6,4500,1.781,-1.884
935,6,4550,2.021,-1.813
936,6,4600,2.141,-1.813
937,6,4650,2.291,-1.813
938,6,4700,2.381,-1.813
939,6,4750,2.471,-1.813
940,6,4800,2.531,-1.813
941,6,4850,2.591,-1.813
942,6,4900,2.621,-1.813
943,6,4950,2.651,-1.813
944,6,5000,2.681,-1.813
945,6,5050,2.688,-1.8
946,6,5100,2.688,-1.77
947,6,5150,2.688,-1.71
948,6,5200,2.688,-1.71
949,6,5250,2.688,-1.62
950,6,5300,2.688,-1.56
951,6,5350,2.688,-1.5
952,6,5400,2.688,-1.44
953,6,5450,2.688,-1.38
954,6,5500,2.688,-1.32
955,6,5550,2.688,-0.3
956,6,5600,2.688,-0.33
957,6,5650,2.688,-1.41
958,6,5700,2.688,-0.36
959,6,5750,2.688,-0.36
960,6,5800,2.688,-0.36
961,6,5850,2.688,-0.36
962,6,5900,2.688,-0.36
963,6,5950,2.688,-1.41
964,6,6000,2.688,-0.33
965,6,6050,2.688,-0.69
966,6,6100,2.688,-0.48
967,6,6150,2.688,-0.45
968,6,6200,2.688,-0.27
969,6,6250,2.688,-0.21
970,6,6300,2.688,-0.15
971,6,6350,2.838,0
972,6,6400,2.868,0
973,6,6450,3.798,0
974,6,6500,4.5,0.295
975,6,6550,4.5,0.385
976,6,6600,4.5,0.505
977,6,6650,4.5,0.535
978,6,6700,4.5,0.565
979,6,6750,4.5,0.595
980,6,6800,4.5,0.625
981,6,6850,4.5,0.625
982,6,6900,4.5,0.655
983,6,6950,4.5,0.685
984,6,7000,4.5,0.685
985,6,7050,4.5,0.865
986,6,7100,4.5,0.865
987,6,7150,4.5,0.865
988,6,7200,4.5,0.745
989,6,7250,4.5,0.655
990,6,7300,4.5,1.315
991,6,7350,4.5,1.375
992,6,7400,4.5,1.435
993,6,7450,4.5,1.495
994,6,7500,4.5,1.555
995,6,7550,4.5,1.615
996,6,7600,4.5,1.735
997,6,7650,4.5,1.855
998,6,7700,4.5,1.945
999,6,7750,4.5,2.035
1000,6,7800,4.5,2.065
1001,6,7850,4.5,2.095
1002,6,7900,4.5,2.095
1003,6,7950,4.5,2.125
1004,6,8000,4.5,2.155
1005,6,8050,4.5,2.245
1006,6,8100,4.5,2.365
1007,6,8150,4.86,2.719
1008,6,8200,4.92,2.719
1009,6,8250,5.04,2.719
1010,6,8300,5.07,2.719
1011,6,8350,5.1,2.719
1012,6,8400,5.82,2.719
1013,6,8450,5.1,2.719
1014,6,8500,5.58,2.719
1015,6,8550,5.91,2.719
1016,6,8600,6.06,2.719
1017,6,8650,6.21,2.719
1018,6,8700,6.27,2.719
1019,6,8750,6.57,2.719
1020,6,8800,6.75,2.719
1021,6,8850,6.87,2.719
1022,6,8900,6.99,2.719
1023,6,8950,7.14,2.719
1024,6,9000,7.32,2.719
1025,6,9050,6.93,2.719
1026,6,9100,8.124,2.239
1027,6,9150,8.124,2.059
1028,6,9200,8.124,1.879
1029,6,9250,8.124,0.499
1030,6,9300,8.124,0.499
1031,6,9350,8.124,1.189
1032,6,9400,8.124,1.129
1033,6,9450,8.124,0.679
1034,6,9500,8.124,0.709
1035,6,9550,8.124,0.709
1036,6,9600,8.124,0.589
1037,6,9650,8.124,0.499
1038,6,9700,8.124,0.409
1039,6,9750,8.124,0.319
1040,6,9800,8.124,0.229
1041,6,9850,8.124,0.169
1042,6,9900,8.124,0.139
1043,6,9950,8.124,-0.011
1044,6,10000,8.124,-0.191
1045,6,10050,8.124,-0.341
1046,6,10100,8.124,-0.521
1047,6,10150,8.124,-0.641
1048,6,10200,8.124,-0.671
1049,6,10250,8.124,-0.791
1050,6,10300,8.118,-0.906
1051,6,10350,8.118,-0.906
1052,6,10400,8.088,-0.906
1053,6,10450,8.088,-0.906
1054,6,10500,8.058,-0.906
1055,6,10550,7.908,-0.906
1056,6,10600,7.818,-0.906
1057,6,10650,7.728,-0.906
1058,6,10700,7.608,-0.906
1059,6,10750,7.548,-0.906
1060,6,10800,7.218,-1.296
1061,6,10850,7.218,-1.176
1062,6,10900,7.218,-1.176
1063,6,10950,7.218,-1.206
1064,6,11000,7.218,-1.236
1065,6,11050,7.218,-1.296
1066,6,11100,7.218,-1.416
1067,6,11150,7.218,-1.536
1068,6,11200,7.218,-1.656
1069,6,11250,7.218,-1.806
1070,6,11300,7.218,-1.813
1071,6,11350,7.218,-1.813
1072,6,11400,7.218,-1.813
1073,6,11450,7.218,-1.813
1074,6,11500,7.368,-1.813
1075,6,11550,7.518,-1.813
1076,6,11600,7.788,-1.813
1077,6,11650,7.908,-1.813
1078,6,11700,7.998,-1.813
1079,6,11750,8.124,-1.933
1080,6,11800,8.124,-1.963
1081,6,11850,8.124,-1.993
1082,6,11900,8.124,-2.023
1083,6,11950,8.124,-2.053
1084,6,12000,8.124,-2.113
1085,6,12050,8.124,-2.173
1086,6,12100,8.124,-2.263
1087,6,12150,8.124,-2.383
1088,6,12200,8.124,-2.413
1089,6,12250,8.124,-2.533
1090,6,12300,8.124,-3.043
1091,6,12350,8.124,-2.923
1092,6,12400,8.124,-2.923
1093,6,12450,8.124,-2.953
1094,6,12500,8.124,-3.103
1095,6,12550,8.124,-3.223
1096,6,12600,8.124,-2.533
1097,6,12650,8.124,-3.433
1098,6,12700,8.124,-2.323
1099,6,12750,8.154,-3.625
1100,6,12800,8.184,-3.625
1101,6,12850,8.304,-3.625
1102,6,12900,8.424,-3.625
1103,6,12950,8.574,-3.625
1104,6,13000,8.784,-3.625
1105,6,13150,10.11,-1.813
1106,6,13200,10.5,-1.813
1107,6,13250,11.748,-1.35
1108,6,13300,11.748,-1.11
1109,6,13350,11.748,-1.05
1110,6,13400,11.748,-1.05
1111,6,13450,11.67,-0.906
1112,6,13500,11.748,-0.84
1113,6,13550,11.748,-0.27
1114,6,13600,9.9,0
1115,6,13650,9.75,0
1116,6,13700,9.57,0
1117,6,13750,12.498,0
1118,6,13800,12.498,0
1119,6,13850,12.498,0
1120,6,13900,12.498,0
1121,6,13950,9.51,0
1122,6,14000,12.528,0
1123,6,14050,9.48,0
1124,6,14200,0,0
1125,6,14250,0,0
1126,6,14300,0,0
1127,6,14350,0,0
1128,6,14400,0,0
1129,6,14450,0,0
1130,6,14500,0,0
1131,6,14550,0,0
1132,6,14600,0,0
1133,6,14650,0,0
1134,6,14750,0.09,0
1135,6,14800,0.09,0
1136,6,14950,2.688,2.119
1137,7,0,0.12,0
1138,7,50,0.12,0
1139,7,100,0.12,0
1140,7,200,0.21,0
1141,7,250,3.078,0
1142,7,300,3.108,0
1143,7,350,0.27,0
1144,7,400,0.36,0
1145,7,450,0.48,0
1146,7,500,2.688,-0.09
1147,7,550,2.688,-0.15
1148,7,700,0.875,-2.25
1149,7,750,0.875,-2.49
1150,7,800,0.875,-3.36
1151,7,850,0.875,-2.55
1152,7,900,0.875,-2.64
1153,7,950,0.875,-3.12
1154,7,1000,1.355,-3.625
1155,7,1050,1.685,-3.625
1156,7,1100,1.685,-3.625
1157,7,1150,1.781,-2.484
1158,7,1200,1.781,-2.424
1159,7,1250,1.781,-2.364
1160,7,1300,1.781,-2.334
1161,7,1350,1.781,-2.274
1162,7,1400,1.781,-2.214
1163,7,1450,1.781,-2.184
1164,7,1500,1.781,-2.124
1165,7,1550,1.781,-2.034
1166,7,1600,1.781,-1.974
1167,7,1650,1.781,-1.884
1168,7,1700,1.781,-1.884
1169,7,1750,2.021,-1.813
1170,7,1800,2.141,-1.813
1171,7,1850,2.261,-1.813
1172,7,1900,2.411,-1.813
1173,7,1950,2.531,-1.813
1174,7,2000,2.591,-1.813
1175,7,2050,2.688,-1.68
1176,7,2100,2.688,-1.56
1177,7,2150,2.688,-1.41
1178,7,2200,2.688,-0.3
1179,7,2250,2.688,-1.44
1180,7,2300,2.688,-1.44
1181,7,2350,2.688,-0.48
1182,7,2400,2.688,-0.27
1183,7,2450,2.688,-0.24
1184,7,2500,2.898,0
1185,7,2550,3.018,0
1186,7,2600,2.958,0
1187,7,2650,3.078,0
1188,7,2700,2.838,0
1189,7,2750,3.918,0
1190,7,2800,3.918,0
1191,7,2850,3.888,0
1192,7,2900,3.888,0
1193,7,2950,3.594,0.265
1194,7,3000,3.594,0.415
1195,7,3050,3.594,0.535
1196,7,3100,3.594,0.985
1197,7,3150,3.594,0.565
1198,7,3200,3.594,0.565
1199,7,3250,3.594,1.225
1200,7,3300,3.594,1.345
1201,7,3350,3.594,1.495
1202,7,3400,3.594,1.675
1203,7,3450,3.594,1.885
1204,7,3500,3.594,1.915
1205,7,3550,3.594,2.065
1206,7,3600,3.594,2.245
1207,7,3650,2.688,2.569
1208,7,3800,2.621,2.719
1209,7,3850,2.945,3.625
1210,7,3900,3.215,3.625
1211,7,3950,3.035,3.625
1212,7,4000,2.855,3.625
1213,7,4050,2.688,2.059
1214,7,4100,2.688,1.699
1215,7,4150,2.688,1.249
1216,7,4200,2.111,0.906
1217,7,4250,2.111,0.906
1218,7,4300,1.781,0.186
1219,7,4350,1.781,0.006
1220,7,4400,1.781,-0.234
1221,7,4450,1.781,-0.414
1222,7,4500,1.781,-0.594
1223,7,4550,1.781,-1.374
1224,7,4600,1.781,-1.524
1225,7,4650,1.781,-1.674
1226,7,4700,1.781,-1.884
1227,7,4750,1.781,-2.124
1228,7,4800,1.781,-2.214
1229,7,4850,1.781,-2.274
1230,7,4900,1.781,-2.334
1231,7,4950,1.781,-2.334
1232,7,5000,1.781,-2.364
1233,7,5050,1.781,-2.424
1234,7,5100,1.781,-2.454
1235,7,5150,1.781,-2.514
1236,7,5200,1.781,-2.514
1237,7,5250,1.781,-2.544
1238,7,5300,1.781,-2.574
1239,7,5350,1.781,-2.394
1240,7,5400,1.781,-3.504
1241,7,5450,1.781,-2.364
1242,7,5500,1.781,-3.444
1243,7,5550,1.781,-2.544
1244,7,5600,1.781,-2.484
1245,7,5650,1.781,-2.454
1246,7,5700,1.781,-2.394
1247,7,5750,1.781,-2.334
1248,7,5800,1.781,-2.334
1249,7,5850,1.781,-2.304
1250,7,5900,1.781,-2.124
1251,7,5950,2.381,-1.813
1252,7,6000,2.688,-1.813
1253,7,6050,2.868,-1.813
1254,7,6100,2.898,-1.813
1255,7,6150,2.868,-1.813
1256,7,6200,2.778,-1.813
1257,7,6250,2.718,-1.813
1258,7,6300,2.681,-1.813
1259,7,6350,2.651,-1.813
1260,7,6400,2.651,-1.813
1261,7,6450,2.688,-1.68
1262,7,6500,2.688,-1.5
1263,7,6550,2.688,-0.54
1264,7,6600,2.688,-0.3
1265,7,6650,2.688,-0.3
1266,7,6700,2.688,-0.15
1267,7,6750,2.838,0
1268,7,6800,2.898,0
1269,7,6850,2.958,0
1270,7,6900,2.868,0
1271,7,6950,2.958,0
1272,7,7000,2.958,0
1273,7,7050,4.188,0
1274,7,7100,5.406,-0.047
1275,7,7150,6.312,-0.06
1276,7,7200,8.124,-0.191
1277,7,7250,8.124,-0.311
1278,7,7300,8.124,-0.491
1279,7,7350,8.124,-0.611
1280,7,7400,8.118,-0.906
1281,7,7450,8.088,-0.906
1282,7,7500,8.028,-0.906
1283,7,7550,7.908,-0.906
1284,7,7600,7.818,-0.906
1285,7,7650,7.698,-0.906
1286,7,7700,7.578,-0.906
1287,7,7750,7.218,-1.266
1288,7,7800,7.218,-1.236
1289,7,7850,7.218,-1.206
1290,7,7900,7.218,-1.236
1291,7,7950,7.218,-1.326
1292,7,8000,7.218,-1.446
1293,7,8050,7.218,-1.566
1294,7,8100,7.218,-1.686
1295,7,8150,7.218,-1.776
1296,7,8200,7.668,-1.813
1297,7,8250,7.818,-1.813
1298,7,8300,7.938,-1.813
1299,7,8350,8.028,-1.813
1300,7,8400,8.124,-1.903
1301,7,8450,8.124,-1.933
1302,7,8500,8.124,-1.963
1303,7,8550,8.124,-2.083
1304,7,8600,8.124,-2.203
1305,7,8650,8.124,-2.353
1306,7,8700,8.124,-2.383
1307,7,8750,8.124,-3.313
1308,7,8800,8.124,-2.473
1309,7,8850,8.124,-2.353
1310,7,8900,8.244,-3.625
1311,7,8950,8.334,-3.625
1312,7,9000,8.424,-3.625
1313,7,9050,8.514,-3.625
1314,7,9100,8.634,-3.625
1315,7,9150,8.754,-3.625
1316,7,9200,9.03,-3.546
1317,7,9250,9.03,-3.516
1318,7,9300,9.03,-2.226
1319,7,9350,9.42,-1.813
1320,7,9400,9.27,-1.813
1321,7,9450,9.03,-1.566
1322,7,9500,9.03,-1.146
1323,7,9550,9.57,-0.906
1324,7,9600,9.66,-1.813
1325,7,9650,9.99,-0.906
1326,7,9700,10.14,-0.906
1327,7,9750,10.32,-0.906
1328,7,9800,10.47,-0.906
1329,7,9850,10.62,-0.906
1330,7,9900,10.65,-0.906
1331,7,9950,10.74,-0.906
1332,7,10000,10.56,-0.906
1333,7,10050,11.52,-0.906
1334,7,10200,12.228,0
1335,7,10250,12.318,0
1336,7,10300,9.63,0
1337,7,10350,9.54,0
1338,7,10400,12.588,0
1339,7,10450,0,0
1340,7,10500,0,0
1341,7,10550,0,0
1342,7,10600,0,0
1343,7,10650,0,0
1344,7,10700,0,0
1345,7,10750,0,0
1346,7,10800,0,0
1347,7,10850,0,0
1348,8,0,0.18,0
1349,8,50,0.18,0
1350,8,100,0.3,0
1351,8,150,2.898,0
1352,8,200,0.51,0
1353,8,250,2.688,-0.09
1354,8,300,2.688,-0.09
1355,8,350,2.688,-0.12
1356,8,400,2.688,-0.15
1357,8,450,2.688,-0.21
1358,8,500,0.875,-0.3
1359,8,550,0.875,-0.45
1360,8,600,2.688,-0.6
1361,8,750,2.261,-1.813
1362,8,800,2.261,-1.813
1363,8,850,0.875,-2.07
1364,8,900,0.875,-2.22
1365,8,950,0.875,-2.34
1366,8,1000,0.875,-2.46
1367,8,1050,0.875,-2.55
1368,8,1100,1.055,-3.625
1369,8,1150,0.965,-3.625
1370,8,1200,0.935,-3.625
1371,8,1300,0.875,-2.46
1372,8,1350,1.115,-3.625
1373,8,1400,0.875,-3.27
1374,8,1450,1.265,-3.625
1375,8,1600,1.781,-3.474
1376,8,1650,1.781,-2.394
1377,8,1700,1.781,-2.394
1378,8,1750,1.781,-2.394
1379,8,1800,1.781,-2.304
1380,8,1850,1.781,-2.154
1381,8,1900,2.051,-1.813
1382,8,1950,2.231,-1.813
1383,8,2000,2.261,-1.813
1384,8,2050,2.351,-1.813
1385,8,2100,2.471,-1.813
1386,8,2150,2.561,-1.813
1387,8,2200,2.688,-1.68
1388,8,2250,2.688,-1.59
1389,8,2300,2.688,-1.56
1390,8,2350,2.688,-1.53
1391,8,2400,2.688,-0.3
1392,8,2450,2.688,-0.27
1393,8,2500,2.688,-0.12
1394,8,2550,2.868,0
1395,8,2600,2.988,0
1396,8,2650,2.958,0
1397,8,2700,2.688,-0.06
1398,8,2750,4.008,0
1399,8,2800,3.918,0
1400,8,2850,4.008,0
1401,8,2900,4.008,0
1402,8,2950,4.188,0
1403,8,3000,4.308,0
1404,8,3050,4.5,0.265
1405,8,3150,7.218,0.036
1406,8,3200,8.124,0.439
1407,8,3250,8.124,0.349
1408,8,3300,8.124,0.229
1409,8,3350,8.124,0.079
1410,8,3400,8.124,-0.011
1411,8,3450,8.124,-0.131
1412,8,3500,8.124,-0.161
1413,8,3550,8.124,-0.371
1414,8,3600,8.124,-0.521
1415,8,3650,8.124,-0.551
1416,8,3700,8.124,-0.761
1417,8,3750,8.124,-0.881
1418,8,3800,8.118,-0.906
1419,8,3850,8.088,-0.906
1420,8,3900,7.998,-0.906
1421,8,3950,7.878,-0.906
1422,8,4000,7.758,-0.906
1423,8,4050,7.668,-0.906
1424,8,4100,7.218,-1.266
1425,8,4150,7.218,-1.356
1426,8,4200,7.218,-1.446
1427,8,4250,7.218,-1.566
1428,8,4300,7.218,-1.656
1429,8,4350,7.218,-1.686
1430,8,4400,7.218,-1.716
1431,8,4450,7.218,-1.746
1432,8,4500,7.218,-1.776
1433,8,4550,7.428,-1.813
1434,8,4600,7.548,-1.813
1435,8,4650,7.848,-1.813
1436,8,4700,8.124,-2.053
1437,8,4750,8.124,-2.173
1438,8,4800,8.124,-2.383
1439,8,4850,8.124,-2.623
1440,8,4900,8.124,-2.653
1441,8,4950,8.124,-2.593
1442,8,5000,8.124,-2.473
1443,8,5050,8.124,-2.353
1444,8,5100,8.214,-3.625
1445,8,5150,8.274,-3.625
1446,8,5200,8.304,-3.625
1447,8,5250,8.454,-3.625
1448,8,5300,8.574,-3.625
1449,8,5350,8.724,-3.625
1450,8,5400,8.844,-3.625
1451,8,5450,8.844,-3.625
1452,8,5500,9.03,-3.486
1453,8,5550,9.03,-2.466
1454,8,5600,9.03,-3.306
1455,8,5650,9.03,-2.646
1456,8,5700,9.03,-2.556
1457,8,5750,9.03,-2.466
1458,8,5800,9.03,-2.376
1459,8,5850,9.03,-2.016
1460,8,5900,9.27,-1.813
1461,8,5950,9.03,-1.596
1462,8,6000,9.03,-1.326
1463,8,6050,9.03,-1.206
1464,8,6100,9.03,-1.206
1465,8,6150,9.03,-1.206
1466,8,6200,9.03,-1.176
1467,8,6250,9.03,-1.176
1468,8,6300,9.54,-0.906
1469,8,6350,9.57,-0.906
1470,8,6400,9.57,-0.906
1471,8,6450,9.57,-0.906
1472,8,6500,9.45,0
1473,8,6550,9.57,-1.813
1474,8,6700,0.06,0
1475,8,6800,0.09,0
1476,8,6850,3.228,0
1477,8,6900,0.09,0
1478,8,6950,3.138,0
1479,9,0,0.875,-2.46
1480,9,150,3.168,0
1481,9,300,1.781,-2.604
1482,9,450,0.15,0
1483,9,500,3.078,0
1484,9,550,2.958,0
1485,9,600,2.808,0
1486,9,650,2.688,-0.18
1487,9,700,2.688,-0.24
1488,9,750,0.875,-0.33
1489,9,800,0.875,-0.45
1490,9,850,0.875,-0.63
1491,9,900,0.875,-0.51
1492,9,950,0.875,-1.17
1493,9,1000,0.875,-0.6
1494,9,1050,0.875,-1.56
1495,9,1100,2.051,-1.813
1496,9,1150,2.261,-1.813
1497,9,1200,2.201,-1.813
1498,9,1250,2.441,-1.813
1499,9,1300,2.621,-1.813
1500,9,1350,2.688,-1.71
1501,9,1400,2.688,-1.62
1502,9,1450,2.688,-1.53
1503,9,1500,2.688,-1.44
1504,9,1550,2.688,-1.59
1505,9,1600,2.688,-0.15
1506,9,1650,2.688,-0.57
1507,9,1700,2.688,-0.51
1508,9,1750,2.688,-0.24
1509,9,1800,2.688,-0.09
1510,9,1850,2.748,0
1511,9,1900,2.898,0
1512,9,1950,3.048,0
1513,9,2000,2.688,-0.06
1514,9,2050,4.038,0
1515,9,2100,4.188,0
1516,9,2150,4.338,0
1517,9,2200,4.458,0
1518,9,2250,4.5,0
1519,9,2300,4.5,0
1520,9,2350,4.5,0.085
1521,9,2400,4.5,0.205
1522,9,2450,4.5,0.355
1523,9,2500,4.5,0.445
1524,9,2550,4.5,0.595
1525,9,2600,4.5,0.385
1526,9,2650,4.5,1.465
1527,9,2700,4.5,1.615
1528,9,2750,4.5,1.795
1529,9,2800,4.5,1.945
1530,9,2850,4.5,2.065
1531,9,2900,4.5,2.095
1532,9,2950,4.5,2.245
1533,9,3000,4.8,2.719
1534,9,3050,4.92,2.719
1535,9,3100,5.07,2.719
1536,9,3150,5.85,2.719
1537,9,3200,5.13,2.719
1538,9,3250,5.79,2.719
1539,9,3300,5.79,2.719
1540,9,3350,5.79,2.719
1541,9,3400,5.82,2.719
1542,9,3450,5.85,2.719
1543,9,3500,5.07,2.719
1544,9,3550,4.95,2.719
1545,9,3600,4.8,2.719
1546,9,3650,4.68,2.719
1547,9,3700,4.5,2.605
1548,9,3750,4.5,2.425
1549,9,3800,4.56,3.625
1550,9,3850,4.68,3.625
1551,9,3900,4.89,3.625
1552,9,3950,4.59,2.719
1553,9,4000,4.62,2.719
1554,9,4150,6.39,3.625
1555,9,4200,7.5,3.625
1556,9,4250,8.16,3.625
1557,9,4300,8.37,3.625
1558,9,4350,8.58,3.625
1559,9,4400,8.76,3.625
1560,9,4450,9.03,2.125
1561,9,4500,9.03,3.625
1562,9,4550,9.03,3.445
1563,9,4600,9.03,3.385
1564,9,4650,9.03,2.095
1565,9,4700,9.03,2.065
1566,9,4750,9.03,1.555
1567,9,4800,9.03,1.315
1568,9,4850,9.03,0.175
1569,9,4900,9.84,0
1570,9,4950,9.87,0
1571,9,5000,9.9,0
1572,9,5050,9.93,0
1573,9,5100,9.63,0
1574,9,5150,9.66,0
1575,9,5200,9.69,0
1576,9,5250,10.02,0
1577,9,5300,10.26,0
1578,9,5350,10.5,0
1579,9,5400,10.56,0
1580,9,5450,11.748,-0.09
1581,9,5500,11.748,-0.09
1582,9,5550,10.38,0
1583,9,5600,10.38,0
1584,9,5650,10.38,0
1585,9,5700,10.842,0.049
1586,9,5750,10.77,0
1587,9,5800,10.77,0
1588,9,5850,10.38,0
1589,9,5900,10.38,0
1590,9,5950,10.41,0
1591,9,6000,10.41,0
1592,9,6050,10.842,0.169
1593,9,6100,10.842,0.139
1594,9,6150,10.842,0.079
1595,9,6200,10.65,0
1596,9,6250,10.5,0
1597,9,6300,10.53,0
1598,9,6350,10.32,0
1599,9,6400,10.29,0
1600,9,6450,10.02,0
1601,9,6500,9.69,0
1602,9,6550,9.54,0
1603,9,6600,9.03,0.175
1604,9,6650,9.03,0.355
1605,9,6700,9.03,0.535
1606,9,6750,9.03,0.775
1607,9,6800,9.03,0.445
1608,9,6850,9.03,1.315
1609,9,6900,9.03,1.465
1610,9,6950,9.03,1.675
1611,9,7000,9.03,1.645
1612,9,7050,9.03,1.765
1613,9,7100,9.03,1.975
1614,9,7150,9.03,2.275
1615,9,7200,8.55,3.625
1616,9,7250,8.31,3.625
1617,9,7300,8.07,3.625
1618,9,7350,7.83,3.625
1619,9,7450,6.72,3.625
1620,9,7500,6.42,3.625
1621,9,7550,6.21,3.625
1622,9,7600,5.916,1.813
1623,9,7750,4.5,3.475
1624,9,7800,4.5,3.385
1625,9,7850,4.5,2.575
1626,9,7900,4.5,3.205
1627,9,7950,4.53,2.719
1628,9,8000,4.59,2.719
1629,9,8050,4.74,2.719
1630,9,8100,4.89,2.719
1631,9,8150,5.61,2.719
1632,9,8200,6.15,2.719
1633,9,8250,6.27,2.719
1634,9,8300,6.54,2.719
1635,9,8350,6.9,2.719
1636,9,8400,7.05,2.719
1637,9,8450,6.87,2.719
1638,9,8500,6.9,2.719
1639,9,8550,7.5,2.719
1640,9,8600,7.5,2.719
1641,9,8650,6.9,2.719
1642,9,8700,6.9,2.719
1643,9,8750,7.62,2.719
1644,9,8800,7.74,2.719
1645,9,8850,7.86,2.719
1646,9,8900,8.124,2.449
1647,9,8950,8.124,2.329
1648,9,9000,8.124,2.239
1649,9,9050,8.124,2.029
1650,9,9100,8.124,1.849
1651,9,9150,8.124,1.639
1652,9,9200,8.124,1.399
1653,9,9250,8.124,1.279
1654,9,9300,8.124,1.279
1655,9,9350,8.124,0.469
1656,9,9400,8.124,0.229
1657,9,9450,8.124,-0.011
1658,9,9500,8.124,-0.371
1659,9,9550,8.124,-0.551
1660,9,9600,8.124,-0.521
1661,9,9650,8.088,-0.906
1662,9,9700,8.058,-0.906
1663,9,9750,8.058,-0.906
1664,9,9800,8.028,-0.906
1665,9,9850,7.968,-0.906
1666,9,9900,7.998,-0.906
1667,9,9950,7.878,-0.906
1668,9,10000,7.698,-0.906
1669,9,10050,7.698,-1.813
1670,9,10100,7.788,-1.813
1671,9,10150,7.878,-1.813
1672,9,10200,8.124,-2.083
1673,9,10250,8.124,-2.593
1674,9,10300,8.124,-3.343
1675,9,10350,8.124,-3.403
1676,9,10400,8.124,-2.383
1677,9,10450,8.124,-3.553
1678,9,10500,8.124,-3.553
1679,9,10550,8.304,-3.625
1680,9,10600,8.454,-3.625
1681,9,10650,8.634,-3.625
1682,9,10700,8.874,-3.625
1683,9,10750,9.03,-2.406
1684,9,10800,9.03,-3.336
1685,9,10850,9.03,-2.586
1686,9,10900,9.03,-3.216
1687,9,10950,9.03,-3.186
1688,9,11000,9.03,-3.186
1689,9,11050,9.03,-2.526
1690,9,11100,9.03,-2.376
1691,9,11150,9.27,-1.813
1692,9,11200,9.27,-1.813
1693,9,11250,9.03,-1.566
1694,9,11300,9.03,-1.236
1695,9,11350,9.03,-1.176
1696,9,11400,9.03,-1.176
1697,9,11450,9.03,-1.176
1698,9,11500,9.57,-0.906
1699,9,11550,9.9,-0.906
1700,9,11600,10.08,-0.906
1701,9,11650,10.26,-0.906
1702,9,11700,10.29,-0.906
1703,9,11750,10.53,-0.906
1704,9,11800,11.748,-1.32
1705,9,11850,11.748,-1.38
1706,9,11900,11.748,-1.41
1707,9,11950,11.748,-1.32
1708,9,12000,11.748,-1.32
1709,9,12050,11.748,-1.32
1710,9,12100,11.748,-1.02
1711,9,12150,11.73,-0.906
1712,9,12200,11.748,-0.36
1713,9,12250,11.748,-0.24
1714,9,12300,11.748,-0.24
1715,9,12350,12.078,0
1716,9,12400,12.258,0
1717,9,12450,9.54,0
1718,9,12500,0,0
1719,9,12550,0,0
1720,9,12600,0,0
1721,9,12650,0,0
1722,9,12700,0,0
1723,9,12750,0,0
1724,9,12800,0,0
1725,9,12850,0,0
1726,9,12900,0,0
1727,9,12950,0,0
1728,9,13000,0,0
1729,9,13050,0,0
1730,9,13100,0,0
1731,9,13150,0,0
1732,9,13200,0,0
1733,9,13250,0,0
1734,9,13300,3.228,0
1735,9,13350,0.12,0
1736,10,0,2.688,2.329
1737,10,150,3.168,0
1738,10,200,0.15,0
1739,10,250,3.138,0
1740,10,300,0.15,0
1741,10,350,0.18,0
1742,10,400,3.078,0
1743,10,450,0.27,0
1744,10,500,0.36,0
1745,10,550,2.688,-0.42
1746,10,700,1.781,-2.094
1747,10,750,0.875,-2.31
1748,10,800,0.875,-2.46
1749,10,850,0.875,-2.49
1750,10,900,0.875,-2.52
1751,10,950,0.875,-2.55
1752,10,1000,0.875,-3.24
1753,10,1050,1.115,-3.625
1754,10,1150,0.875,-3.51
1755,10,1200,0.875,-3.51
1756,10,1250,0.875,-2.4
1757,10,1300,0.875,-3.42
1758,10,1350,1.085,-3.625
1759,10,1400,0.875,-3.3
1760,10,1450,0.875,-3.15
1761,10,1550,1.781,-3.564
1762,10,1600,1.781,-2.514
1763,10,1650,1.781,-2.484
1764,10,1700,1.781,-2.454
1765,10,1750,1.781,-2.334
1766,10,1800,1.781,-2.214
1767,10,1850,1.781,-2.094
1768,10,1900,1.781,-1.944
1769,10,1950,1.871,-1.813
1770,10,2000,1.991,-1.813
1771,10,2050,2.171,-1.813
1772,10,2100,2.321,-1.813
1773,10,2150,2.471,-1.813
1774,10,2200,2.591,-1.813
1775,10,2250,2.688,-1.74
1776,10,2300,2.688,-1.74
1777,10,2350,2.688,-1.65
1778,10,2400,2.688,-1.14
1779,10,2450,2.688,-0.09
1780,10,2500,2.688,-0.15
1781,10,2550,2.868,0
1782,10,2600,2.928,0
1783,10,2650,2.838,0
1784,10,2700,2.928,0
1785,10,2750,3.048,0
1786,10,2800,2.688,-0.06
1787,10,2850,2.688,-0.06
1788,10,2900,2.688,-0.06
1789,10,2950,3.948,0
1790,10,3000,4.008,0
1791,10,3050,4.128,0
1792,10,3100,4.5,0.715
1793,10,3150,4.5,1.405
1794,10,3200,4.5,1.915
1795,10,3250,4.5,1.945
1796,10,3300,4.5,1.945
1797,10,3350,4.5,1.945
1798,10,3400,4.5,1.975
1799,10,3450,4.5,2.005
1800,10,3500,4.5,2.005
1801,10,3550,4.5,2.185
1802,10,3700,6.27,2.719
1803,10,3750,6.51,2.719
1804,10,3800,6.75,2.719
1805,10,3850,6.93,2.719
1806,10,3900,6.78,2.719
1807,10,3950,7.59,2.719
1808,10,4000,7.74,2.719
1809,10,4050,7.74,2.719
1810,10,4100,8.124,0.679
1811,10,4150,8.124,-0.491
1812,10,4200,7.878,-1.813
1813,10,4250,8.184,-3.625
1814,10,4300,8.244,-3.625
1815,10,4350,8.364,-3.625
1816,10,4400,8.454,-3.625
1817,10,4450,8.574,-3.625
1818,10,4500,8.694,-3.625
1819,10,4550,8.784,-3.625
1820,10,4600,8.844,-3.625
1821,10,4650,9.03,-2.376
1822,10,4700,9.03,-2.526
1823,10,4750,9.03,-3.306
1824,10,4800,9.03,-2.586
1825,10,4850,9.03,-2.436
1826,10,4900,9.03,-2.286
1827,10,4950,9.03,-2.016
1828,10,5000,9.27,-1.813
1829,10,5050,9.03,-1.656
1830,10,5100,9.03,-1.596
1831,10,5150,9.03,-1.536
1832,10,5200,9.03,-1.536
1833,10,5250,9.03,-1.476
1834,10,5300,9.03,-1.326
1835,10,5350,9.69,-0.906
1836,10,5400,9.84,-0.906
1837,10,5450,10.11,-0.906
1838,11,0,0.18,0
1839,11,50,3.018,0
1840,11,100,2.898,0
1841,11,150,2.688,-0.09
1842,11,200,2.688,-0.06
1843,11,250,0.72,0
1844,11,300,0.875,-0.12
1845,11,350,0.875,-0.18
1846,11,400,0.875,-0.27
1847,11,450,0.875,-0.42
1848,11,500,0.875,-0.6
1849,11,550,0.875,-1.5
1850,11,600,2.081,-1.813
1851,11,650,1.781,-1.974
1852,11,700,1.781,-2.154
1853,11,750,0.875,-2.4
1854,11,800,0.875,-2.46
1855,11,850,0.875,-2.52
1856,11,900,0.875,-2.55
1857,11,950,1.235,-3.625
1858,11,1000,0.875,-3.27
1859,11,1100,0.875,-3.51
1860,11,1150,0.875,-2.28
1861,11,1200,0.905,-3.625
1862,11,1250,0.875,-2.31
1863,11,1300,0.995,-3.625
1864,11,1350,0.875,-2.4
1865,11,1400,1.781,-2.004
1866,11,1450,1.781,-2.004
1867,11,1600,0.875,-3.42
1868,11,1650,0.875,-2.49
1869,11,1700,0.875,-3.36
1870,11,1750,0.875,-3.24
1871,11,1900,1.781,-2.334
1872,11,1950,1.781,-3.444
1873,11,2000,1.781,-2.574
1874,11,2050,1.781,-2.514
1875,11,2100,1.781,-2.454
1876,11,2150,1.781,-2.364
1877,11,2200,1.781,-2.304
1878,11,2250,1.781,-2.214
1879,11,2300,1.781,-2.184
1880,11,2350,1.781,-2.034
1881,11,2400,1.781,-1.854
1882,11,2450,1.781,-1.674
1883,11,2500,1.781,-1.464
1884,11,2550,1.781,-1.404
1885,11,2600,1.781,-1.284
1886,11,2650,1.781,-1.164
1887,11,2700,1.781,-0.564
1888,11,2750,1.781,-0.534
1889,11,2800,1.781,-0.534
1890,11,2850,1.781,-0.504
1891,11,2900,1.781,-0.504
1892,11,2950,1.781,-0.504
1893,11,3000,1.781,-0.444
1894,11,3050,1.781,-0.264
1895,11,3100,1.781,-0.114
1896,11,3150,1.781,0.066
1897,11,3200,1.781,0.246
1898,11,3250,1.781,0.366
1899,11,3300,1.781,0.486
1900,11,3350,1.781,0.576
1901,11,3400,1.781,0.636
1902,11,3450,1.931,0.906
1903,11,3500,1.991,0.906
1904,11,3550,2.171,0.906
1905,11,3600,2.291,0.906
1906,11,3650,2.411,0.906
1907,11,3700,2.688,1.399
1908,11,3750,2.688,1.489
1909,11,3800,2.688,1.549
1910,11,3850,2.688,1.459
1911,11,3900,2.688,1.609
1912,11,3950,2.688,1.759
1913,11,4000,2.688,1.939
1914,11,4050,2.688,2.029
1915,11,4100,2.688,1.849
1916,11,4150,2.688,1.609
1917,11,4200,2.688,1.489
1918,11,4250,3.594,1.165
1919,11,4300,3.594,1.165
1920,11,4350,3.594,1.165
1921,11,4400,3.594,0.565
1922,11,4450,3.594,0.535
1923,11,4500,3.594,0.685
1924,11,4550,3.594,0.535
1925,11,4600,3.594,0.385
1926,11,4650,3.594,0.235
1927,11,4700,3.888,0
1928,11,4750,3.918,0
1929,11,4800,3.918,0
1930,11,4850,3.918,0
1931,11,4900,3.948,0
1932,11,4950,3.948,0
1933,11,5000,4.008,0
1934,11,5050,4.038,0
1935,11,5100,4.098,0
1936,11,5150,4.158,0
1937,11,5200,4.188,0
1938,11,5250,4.278,0
1939,11,5300,4.368,0
1940,11,5350,4.5,0.115
1941,11,5400,4.5,0.235
1942,11,5450,4.5,0.355
1943,11,5500,4.5,0.445
1944,11,5550,4.5,0.565
1945,11,5600,4.5,0.655
1946,11,5650,4.5,0.745
1947,11,5700,4.5,1.015
1948,11,5750,4.5,1.105
1949,11,5800,4.5,0.625
1950,11,5850,4.5,1.225
1951,11,5900,4.5,1.405
1952,11,5950,4.5,1.525
1953,11,6000,4.5,1.615
1954,11,6050,4.5,1.795
1955,11,6100,4.5,1.945
1956,11,6150,4.5,2.095
1957,11,6200,4.5,2.245
1958,11,6250,4.5,2.335
1959,11,6300,4.5,2.395
1960,11,6350,4.56,2.719
1961,11,6400,4.56,2.719
1962,11,6450,4.8,2.719
1963,11,6500,4.95,2.719
1964,11,6550,5.82,2.719
1965,11,6600,5.97,2.719
1966,11,6650,6.15,2.719
1967,11,6700,6.48,2.719
1968,11,6750,6.72,2.719
1969,11,6800,6.87,2.719
1970,11,6850,7.02,2.719
1971,11,6900,7.56,2.719
1972,11,6950,7.53,2.719
1973,11,7000,7.206,1.813
1974,11,7050,7.206,1.813
1975,11,7100,7.206,0.906
1976,11,7150,7.206,0.906
1977,11,7200,7.218,0.636
1978,11,7250,7.578,-0.906
1979,11,7300,7.218,-1.176
1980,11,7350,7.218,-1.176
1981,11,7400,7.218,-1.206
1982,11,7450,7.218,-1.236
1983,11,7500,7.218,-1.266
1984,11,7550,7.218,-1.356
1985,11,7600,7.218,-1.476
1986,11,7650,7.218,-1.566
1987,11,7700,7.608,-1.813
1988,11,7750,7.818,-1.813
1989,11,7800,7.938,-1.813
1990,11,7850,8.028,-1.813
1991,11,7900,8.124,-1.903
1992,11,7950,8.124,-1.903
1993,11,8000,8.124,-1.933
1994,11,8050,8.124,-1.993
1995,11,8100,8.124,-2.053
1996,11,8150,8.124,-2.173
1997,11,8200,8.124,-2.353
1998,11,8250,8.124,-2.623
1999,11,8300,8.124,-3.073
2000,11,8350,8.124,-2.803
2001,11,8400,8.124,-3.133
2002,11,8450,8.124,-2.683
2003,11,8500,8.124,-3.253
2004,11,8550,8.124,-2.503
2005,11,8600,8.124,-3.463
2006,11,8650,8.124,-2.293
2007,11,8700,8.124,-3.583
2008,11,8750,8.124,-2.203
2009,11,8800,8.124,-2.143
2010,11,8850,8.124,-2.143
2011,11,8900,8.124,-2.143
2012,11,8950,8.124,-2.143
2013,11,9000,8.244,-3.625
2014,11,9050,8.364,-3.625
2015,11,9100,8.514,-3.625
2016,11,9150,8.664,-3.625
2017,11,9200,8.814,-3.625
2018,11,9250,8.724,-3.625
2019,11,9300,8.844,-3.625
2020,11,9350,9.03,-3.516
2021,11,9400,9.03,-3.366
2022,11,9450,9.03,-3.276
2023,11,9500,9.03,-3.246
2024,11,9550,9.03,-2.466
2025,11,9600,9.03,-2.316
2026,11,9650,9.03,-2.136
2027,11,9700,9.15,-1.813
2028,11,9750,9.03,-1.476
2029,11,9800,9.03,-1.356
2030,11,9850,9.03,-1.236
2031,11,9900,9.03,-1.236
2032,11,9950,9.03,-1.146
2033,11,10000,9.57,-0.906
2034,11,10050,9.96,-0.906
2035,11,10100,10.11,-0.906
2036,11,10150,10.29,-0.906
2037,11,10200,10.56,-0.906
2038,11,10250,10.77,-0.906
2039,11,10300,11.25,-0.906
2040,11,10350,11.748,-1.26
2041,11,10400,11.37,-0.906
2042,11,10450,10.68,-0.906
2043,11,10500,10.68,-0.906
2044,11,10550,10.65,-0.906
2045,11,10600,11.4,-0.906
2046,11,10650,10.56,-0.906
2047,11,10800,12.018,0
2048,11,10850,12.078,0
2049,11,10900,12.138,0
2050,11,10950,9.81,0
2051,12,0,0.09,0
2052,12,50,0.18,0
2053,12,100,0.12,0
2054,12,150,0.15,0
2055,12,200,3.078,0
2056,12,250,2.988,0
2057,12,300,0.42,0
2058,12,350,2.778,0
2059,12,400,2.688,-0.09
2060,12,450,2.688,-0.09
2061,12,500,0.875,-0.12
2062,12,550,0.875,-0.24
2063,12,600,0.875,-1.02
2064,12,650,0.875,-1.32
2065,12,700,0.875,-1.98
2066,12,750,0.875,-2.37
2067,12,900,1.781,-1.824
2068,12,950,0.875,-2.13
2069,12,1050,1.781,-1.884
2070,12,1200,0.875,-3.21
2071,12,1250,1.385,-3.625
2072,12,1300,1.781,-3.564
2073,12,1350,1.781,-2.334
2074,12,1400,1.781,-2.424
2075,12,1450,1.781,-2.574
2076,12,1500,1.781,-2.544
2077,12,1550,1.781,-2.484
2078,12,1600,1.781,-2.394
2079,12,1650,1.781,-2.334
2080,12,1700,1.781,-2.304
2081,12,1750,1.781,-2.094
2082,12,1800,1.781,-1.944
2083,12,1850,1.781,-1.794
2084,12,1900,1.781,-1.644
2085,12,1950,1.781,-1.554
2086,12,2000,1.781,-1.464
2087,12,2050,1.781,-1.374
2088,12,2100,1.781,-1.314
2089,12,2150,1.781,-0.384
2090,12,2200,1.781,-1.134
2091,12,2250,1.781,-1.074
2092,12,2300,1.781,-0.654
2093,12,2350,1.781,-0.534
2094,12,2400,1.781,-0.474
2095,12,2450,1.781,-0.354
2096,12,2500,1.781,-0.174
2097,12,2550,1.781,0.036
2098,12,2600,1.781,0.216
2099,12,2650,1.781,0.366
2100,12,2700,1.781,0.546
2101,12,2750,1.781,0.666
2102,12,2800,1.781,0.726
2103,12,2850,1.841,0.906
2104,12,2900,1.841,0.906
2105,12,2950,1.841,0.906
2106,12,3000,1.841,0.906
2107,12,3050,1.841,0.906
2108,12,3100,1.871,0.906
2109,12,3150,1.871,0.906
2110,12,3200,1.901,0.906
2111,12,3250,1.901,0.906
2112,12,3300,1.901,0.906
2113,12,3350,1.901,0.906
2114,12,3400,1.781,0.636
2115,12,3450,1.781,0.576
2116,12,3500,1.781,0.576
2117,12,3550,1.781,0.576
2118,12,3600,1.781,0.606
2119,12,3650,1.781,0.666
2120,12,3700,1.781,0.726
2121,12,3750,1.841,0.906
2122,12,3800,1.781,0.696
2123,12,3850,1.781,0.636
2124,12,3900,1.781,0.576
2125,12,3950,1.781,0.486
2126,12,4000,1.781,0.426
2127,12,4050,2.231,0.906
2128,12,4100,2.688,1.549
2129,12,4150,2.688,2.029
2130,12,4200,2.688,2.149
2131,12,4250,3.594,2.125
2132,12,4300,3.594,1.945
2133,12,4350,3.594,1.735
2134,12,4400,3.594,1.525
2135,12,4450,3.594,1.345
2136,12,4500,3.594,1.165
2137,12,4550,3.594,0.505
2138,12,4600,3.594,1.045
2139,12,4650,3.594,0.475
2140,12,4700,3.594,0.325
2141,12,4750,3.594,0.205
2142,12,4800,3.888,0
2143,12,4850,3.918,0
2144,12,4900,3.918,0
2145,12,4950,3.888,0
2146,12,5000,3.918,0
2147,12,5050,4.008,0
2148,12,5100,4.098,0
2149,12,5150,4.188,0
2150,12,5200,4.218,0
2151,12,5250,4.338,0
2152,12,5300,4.428,0
2153,12,5350,4.5,0.085
2154,12,5400,4.5,0.175
2155,12,5450,4.5,0.295
2156,12,5500,4.5,0.355
2157,12,5550,4.5,0.445
2158,12,5600,4.5,0.595
2159,12,5650,4.5,1.315
2160,12,5700,4.5,1.435
2161,12,5750,4.5,1.585
2162,12,5800,4.5,1.585
2163,12,5850,4.5,1.855
2164,12,5900,4.5,2.095
2165,12,5950,4.5,2.275
2166,12,6000,4.59,2.719
2167,12,6050,4.71,2.719
2168,12,6100,4.86,2.719
2169,12,6150,4.98,2.719
2170,12,6200,5.88,2.719
2171,12,6250,5.88,2.719
2172,12,6300,5.61,3.625
2173,12,6350,5.85,2.719
2174,12,6400,5.91,2.719
2175,12,6450,6.36,2.719
2176,12,6500,6.6,2.719
2177,12,6550,6.78,2.719
2178,12,6600,7.56,2.719
2179,12,6750,8.124,1.549
2180,12,6800,8.124,1.459
2181,12,6850,8.124,0.469
2182,12,6900,8.124,0.559
2183,12,6950,8.124,1.129
2184,12,7000,8.124,0.589
2185,12,7050,8.124,0.349
2186,12,7100,8.124,0.079
2187,12,7150,8.124,-0.191
2188,12,7200,8.124,-0.551
2189,12,7250,8.124,-0.671
2190,12,7300,8.118,-0.906
2191,12,7350,8.088,-0.906
2192,12,7400,8.058,-0.906
2193,12,7450,7.998,-0.906
2194,12,7500,7.938,-0.906
2195,12,7550,7.848,-0.906
2196,12,7600,7.908,-1.813
2197,12,7650,8.088,-1.813
2198,12,7700,8.124,-1.813
2199,12,7750,8.124,-1.813
2200,12,7800,9.03,-1.686
2201,12,7850,9.03,-1.626
2202,12,7900,9.03,-1.566
2203,12,7950,9.03,-1.506
2204,12,8000,9.03,-1.446
2205,12,8050,9.03,-1.386
2206,12,8100,9.03,-1.326
2207,12,8150,9.03,-1.266
2208,12,8200,9.03,-1.236
2209,12,8250,9.03,-1.176
2210,12,8300,9.03,-1.146
2211,12,8350,9.03,-1.116
2212,12,8400,9.03,-1.116
2213,12,8450,9.03,-1.116
2214,12,8500,9.03,-1.146
2215,12,8550,9.6,-0.906
2216,12,8600,9.84,-0.906
2217,12,8650,9.96,-0.906
2218,12,8700,9.63,-1.813
2219,12,8850,10.71,-0.906
2220,12,8900,11.748,-1.26
2221,12,8950,11.748,-1.29
2222,12,9000,11.748,-1.29
2223,12,9050,11.748,-1.32
2224,12,9100,11.748,-1.32
2225,12,9150,11.748,-1.02
2226,12,9200,10.32,-0.906
2227,12,9350,11.748,-0.24
2228,12,9400,12.078,0
2229,12,9450,12.228,0
2230,13,0,0.15,0
2231,13,50,3.138,0
2232,13,200,1.781,0.846
2233,13,250,0.875,0.66
2234,13,400,0.15,0
2235,13,450,3.168,0
2236,13,600,3.108,-1.813
2237,13,750,0.875,-2.43
2238,13,900,0.875,0.66
2239,13,1000,1.781,0.846
2240,13,1150,0.875,-2.25
2241,13,1200,0.875,-2.16
2242,13,1250,0.875,-3.54
2243,13,1300,0.875,-2.43
2244,13,1350,0.875,-3.48
2245,13,1400,0.935,-3.625
2246,13,1550,0.875,-2.25
2247,13,1600,0.875,-2.37
2248,13,1650,1.145,-3.625
2249,13,1750,1.445,-3.625
2250,13,1800,1.781,-2.304
2251,13,1850,1.781,-2.334
2252,13,1900,1.781,-3.444
2253,13,1950,1.781,-2.574
2254,13,2000,1.781,-2.484
2255,13,2050,1.781,-2.364
2256,13,2100,1.781,-2.214
2257,13,2150,1.781,-2.064
2258,13,2200,1.781,-1.794
2259,13,2250,1.781,-1.524
2260,13,2300,1.781,-1.524
2261,13,2350,1.781,-1.434
2262,13,2400,1.781,-1.344
2263,13,2450,1.781,-0.564
2264,13,2500,1.781,-0.504
2265,13,2550,1.781,-0.474
2266,13,2600,1.781,-0.414
2267,13,2650,1.781,-0.324
2268,13,2700,1.781,-0.204
2269,13,2750,1.781,-0.084
2270,13,2800,1.781,0.036
2271,13,2850,1.781,0.156
2272,13,2900,1.781,0.186
2273,13,2950,1.781,0.336
2274,13,3000,1.781,0.456
2275,13,3050,2.171,0.906
2276,13,3100,2.321,0.906
2277,13,3150,2.441,0.906
2278,13,3200,2.688,1.399
2279,13,3250,2.688,1.459
2280,13,3300,2.688,1.459
2281,13,3350,2.688,1.459
2282,13,3400,2.688,1.459
2283,13,3450,2.688,1.489
2284,13,3500,2.688,1.519
2285,13,3550,2.688,1.579
2286,13,3600,2.688,1.789
2287,13,3650,2.688,1.969
2288,13,3700,2.688,2.179
2289,13,3750,2.688,2.299
2290,13,3800,2.688,2.299
2291,13,3850,2.688,2.359
2292,13,3900,2.688,2.419
2293,13,3950,2.585,3.625
2294,13,4000,2.495,3.625
2295,13,4050,2.381,2.719
2296,13,4100,2.261,2.719
2297,13,4150,2.141,2.719
2298,13,4200,2.051,2.719
2299,13,4250,1.781,2.509
2300,13,4300,1.781,2.539
2301,13,4350,1.781,2.539
2302,13,4400,1.781,2.539
2303,13,4450,1.781,2.569
2304,13,4500,1.781,2.539
2305,13,4550,1.781,2.569
2306,13,4600,1.781,2.569
2307,13,4650,1.265,2.719
2308,13,4700,2.111,2.719
2309,13,4750,1.085,2.719
2310,13,4800,1.355,3.625
2311,13,4850,2.045,3.625
2312,13,4950,1.235,3.625
2313,13,5050,1.145,3.625
2314,13,5100,1.085,3.625
2315,13,5150,2.255,3.625
2316,13,5200,2.255,3.625
2317,13,5250,2.225,3.625
2318,13,5300,2.465,3.625
2319,13,5350,2.675,3.625
2320,13,5400,3.005,3.625
2321,13,5450,3.305,3.625
2322,13,5500,3.035,3.625
2323,13,5550,3.594,3.505
2324,13,5600,3.594,2.485
2325,13,5650,3.594,3.295
2326,13,5700,3.594,2.605
2327,13,5750,3.594,2.545
2328,13,5800,3.594,2.515
2329,13,5850,3.594,2.395
2330,13,5900,3.594,2.245
2331,13,5950,3.594,2.065
2332,13,6000,3.594,1.885
2333,13,6050,2.688,1.789
2334,13,6100,3.594,1.345
2335,13,6200,3.948,0
2336,13,6250,3.918,0
2337,13,6300,3.918,0
2338,13,6350,3.918,0
2339,13,6400,3.948,0
2340,13,6450,4.068,0
2341,13,6500,4.158,0
2342,13,6550,4.308,0
2343,13,6600,4.428,0
2344,13,6650,4.5,0.175
2345,13,6700,4.5,0.295
2346,13,6750,4.5,0.445
2347,13,6800,4.5,0.475
2348,13,6850,4.5,0.595
2349,13,6900,4.5,0.745
2350,13,6950,4.5,0.775
2351,13,7000,4.5,0.685
2352,13,7050,4.5,1.435
2353,13,7100,4.5,1.615
2354,13,7150,4.5,1.825
2355,13,7200,4.5,2.035
2356,13,7250,4.5,2.125
2357,13,7300,4.5,2.185
2358,13,7350,4.5,2.245
2359,13,7400,4.5,2.335
2360,13,7450,4.5,2.515
2361,13,7500,4.59,2.719
2362,13,7550,4.68,2.719
2363,13,7600,4.83,2.719
2364,13,7650,4.98,2.719
2365,13,7700,5.13,2.719
2366,13,7750,5.1,2.719
2367,13,7800,5.82,2.719
2368,13,7850,5.82,2.719
2369,13,7900,5.31,2.719
2370,13,7950,5.58,2.719
2371,13,8000,5.73,2.719
2372,13,8050,5.88,2.719
2373,13,8100,6.06,2.719
2374,13,8150,6.33,2.719
2375,13,8200,6.57,2.719
2376,13,8250,6.78,2.719
2377,13,8300,7.02,2.719
2378,13,8350,6.84,2.719
2379,13,8400,7.59,2.719
2380,13,8450,7.65,2.719
2381,13,8500,7.77,2.719
2382,13,8550,7.89,2.719
2383,13,8600,8.124,2.299
2384,13,8650,8.124,2.179
2385,13,8700,8.124,2.149
2386,13,8750,8.124,1.879
2387,13,8800,8.124,1.699
2388,13,8850,8.124,1.519
2389,13,8900,8.124,0.409
2390,13,8950,8.124,1.279
2391,13,9000,8.124,0.559
2392,13,9050,8.076,0.906
2393,13,9100,8.046,0.906
2394,13,9150,7.956,0.906
2395,13,9200,7.866,0.906
2396,13,9250,7.776,0.906
2397,13,9300,7.776,0.906
2398,13,9350,7.566,0.906
2399,13,9400,6.666,0.906
2400,13,9450,6.456,0.906
2401,13,9550,6.036,0.906
2402,13,9600,5.946,0.906
2403,13,9650,5.886,0.906
2404,13,9700,5.826,0.906
2405,13,9750,5.796,0.906
2406,13,9800,5.736,0.906
2407,13,9850,5.406,0.643
2408,13,9900,5.406,0.643
2409,13,9950,5.916,0.906
2410,13,10000,6.036,0.906
2411,13,10050,6.276,0.906
2412,13,10100,6.636,0.906
2413,13,10150,7.686,0.906
2414,13,10200,7.776,0.906
2415,13,10250,7.836,0.906
2416,13,10300,7.926,0.906
2417,13,10350,7.956,0.906
2418,13,10400,8.016,0.906
2419,13,10450,8.076,0.906
2420,13,10500,8.046,0.906
2421,13,10550,7.986,0.906
2422,13,10600,7.866,0.906
2423,13,10650,7.776,0.906
2424,13,10700,7.626,0.906
2425,13,10750,7.536,0.906
2426,13,10800,7.506,0.906
2427,13,10850,7.536,0.906
2428,13,10900,7.626,0.906
2429,13,10950,7.716,0.906
2430,13,11000,7.866,0.906
2431,13,11050,7.956,0.906
2432,13,11100,8.124,0.589
2433,13,11150,8.124,0.409
2434,13,11200,8.124,0.199
2435,13,11250,8.124,0.049
2436,13,11300,8.124,-0.071
2437,13,11350,8.124,-0.191
2438,13,11400,8.124,-0.281
2439,13,11450,8.124,-0.371
2440,13,11500,8.124,-0.521
2441,13,11550,8.124,-0.641
2442,13,11600,8.124,-0.581
2443,13,11650,8.124,-0.701
2444,13,11700,8.124,-0.881
2445,13,11750,8.118,-0.906
2446,13,11800,8.058,-0.906
2447,13,11850,7.968,-0.906
2448,13,11900,7.878,-0.906
2449,13,11950,7.758,-0.906
2450,13,12000,7.668,-0.906
2451,13,12050,7.608,-0.906
2452,13,12100,7.548,-0.906
2453,13,12150,7.218,-1.266
2454,13,12200,7.218,-1.206
2455,13,12250,7.218,-1.356
2456,13,12300,7.218,-1.476
2457,13,12350,7.218,-1.596
2458,13,12400,7.218,-1.746
2459,13,12450,7.368,-1.813
2460,13,12500,7.398,-1.813
2461,13,12550,7.428,-1.813
2462,13,12600,7.488,-1.813
2463,13,12650,7.668,-1.813
2464,13,12700,7.788,-1.813
2465,13,12750,7.878,-1.813
2466,13,12800,7.908,-1.813
2467,13,12850,7.998,-1.813
2468,13,12900,8.124,-1.963
2469,13,12950,8.124,-2.053
2470,13,13000,8.124,-2.173
2471,13,13050,8.124,-2.293
2472,13,13100,8.124,-2.473
2473,13,13150,8.124,-2.533
2474,13,13200,8.124,-2.503
2475,13,13250,8.124,-2.383
2476,13,13300,8.124,-2.263
2477,13,13350,8.184,-3.625
2478,13,13400,8.184,-3.625
2479,13,13450,8.124,-1.963
2480,13,13500,8.124,-1.813
2481,13,13650,0,0
2482,13,13700,0,0
2483,13,13750,0,0
2484,13,13800,0,0
2485,13,13850,0,0
2486,13,13900,0,0
2487,13,13950,0,0
2488,13,14000,0,0
2489,13,14050,0,0
2490,13,14100,0,0
2491,13,14150,0,0
2492,13,14200,0,0
2493,13,14250,0,0
2494,13,14300,0,0
2495,13,14350,0,0
2496,13,14400,0,0
2497,13,14550,0,0
2498,13,14600,0,0
2499,13,14650,0,0
2500,13,14700,3.258,0
2501,13,14800,3.138,-1.813
2502,13,14950,1.781,0.906
