"1","1","0","1.781","2.569"
"2","1","150","0.120","0.000"
"3","1","200","0.120","0.000"
"4","1","250","3.198","0.000"
"5","1","300","0.090","0.000"
"6","1","450","3.078","-1.813"
"7","1","600","0.210","0.000"
"8","1","650","2.988","0.000"
"9","1","700","0.390","0.000"
"10","1","750","0.480","0.000"
"11","1","800","2.688","-0.120"
"12","1","850","2.688","-0.120"
"13","1","900","2.688","-0.120"
"14","1","950","2.688","-0.090"
"15","1","1000","0.690","0.000"
"16","1","1050","0.750","0.000"
"17","1","1100","0.875","-0.150"
"18","1","1150","0.875","-0.270"
"19","1","1200","0.875","-1.020"
"20","1","1250","0.875","-1.560"
"21","1","1300","0.875","-1.620"
"22","1","1350","0.875","-1.680"
"23","1","1400","2.291","-1.813"
"24","1","1450","2.261","-1.813"
"25","1","1500","2.261","-1.813"
"26","1","1550","2.261","-1.813"
"27","1","1600","2.261","-1.813"
"28","1","1650","2.261","-1.813"
"29","1","1700","2.231","-1.813"
"30","1","1750","1.781","-1.974"
"31","1","1800","1.781","-2.094"
"32","1","1850","0.875","-2.280"
"33","1","1900","0.875","-2.460"
"34","1","1950","0.875","-2.550"
"35","1","2000","1.781","-2.124"
"36","1","2100","0.875","-2.460"
"37","1","2150","1.781","-1.974"
"38","1","2300","0.875","-3.540"
"39","1","2450","1.781","-3.384"
"40","1","2500","1.781","-2.544"
"41","1","2550","1.781","-2.304"
"42","1","2600","1.781","-2.184"
"43","1","2650","1.781","-2.094"
"44","1","2700","1.781","-1.914"
"45","1","2750","1.781","-1.674"
"46","1","2800","1.781","-1.644"
"47","1","2850","1.781","-1.614"
"48","1","2900","1.781","-1.614"
"49","1","2950","1.781","-1.524"
"50","1","3000","1.781","-1.404"
"51","1","3050","1.781","-1.344"
"52","1","3100","1.781","-1.224"
"53","1","3150","1.781","-0.474"
"54","1","3200","1.781","-1.254"
"55","1","3250","1.781","-0.474"
"56","1","3300","1.781","-1.254"
"57","1","3350","1.781","-1.344"
"58","1","3400","1.781","-1.464"
"59","1","3450","1.781","-1.584"
"60","1","3500","1.781","-1.614"
"61","1","3550","1.961","-1.813"
"62","1","3600","2.171","-1.813"
"63","1","3650","2.351","-1.813"
"64","1","3700","2.501","-1.813"
"65","1","3750","2.591","-1.813"
"66","1","3800","2.688","-1.680"
"67","1","3850","2.688","-1.560"
"68","1","3900","2.688","-1.440"
"69","1","3950","2.688","-0.270"
"70","1","4000","2.688","-0.300"
"71","1","4050","2.688","-1.500"
"72","1","4100","2.688","-0.390"
"73","1","4150","2.688","-0.360"
"74","1","4200","2.688","-0.210"
"75","1","4250","2.688","-0.150"
"76","1","4300","2.688","-0.150"
"77","1","4350","2.688","-0.180"
"78","1","4400","2.688","-0.210"
"79","1","4450","2.688","-0.210"
"80","1","4500","2.688","-0.210"
"81","1","4550","2.688","-0.180"
"82","1","4600","2.688","-0.180"
"83","1","4650","2.898","0.000"
"84","1","4700","3.048","0.000"
"85","1","4750","2.988","0.000"
"86","1","4800","3.168","0.000"
"87","1","4850","3.888","0.000"
"88","1","4900","3.918","0.000"
"89","1","4950","3.948","0.000"
"90","1","5000","3.978","0.000"
"91","1","5050","4.068","0.000"
"92","1","5100","4.158","0.000"
"93","1","5150","4.278","0.000"
"94","1","5200","4.278","0.000"
"95","1","5250","4.398","0.000"
"96","1","5300","4.458","0.000"
"97","1","5350","4.500","0.085"
"98","1","5400","4.500","0.175"
"99","1","5450","4.500","0.265"
"100","1","5500","4.500","0.415"
"101","1","5550","4.500","0.445"
"102","1","5600","4.500","0.565"
"103","1","5650","4.500","1.255"
"104","1","5700","4.500","1.405"
"105","1","5750","4.500","1.465"
"106","1","5800","4.500","1.495"
"107","1","5850","4.500","1.645"
"108","1","5900","4.500","1.825"
"109","1","5950","4.500","2.005"
"110","1","6000","4.500","2.185"
"111","1","6050","4.500","2.305"
"112","1","6100","4.500","2.395"
"113","1","6150","4.740","2.719"
"114","1","6200","4.830","2.719"
"115","1","6250","4.920","2.719"
"116","1","6300","5.040","2.719"
"117","1","6350","5.070","2.719"
"118","1","6400","5.880","2.719"
"119","1","6450","6.270","2.719"
"120","1","6500","6.390","2.719"
"121","1","6550","6.480","2.719"
"122","1","6600","6.720","2.719"
"123","1","6650","7.470","2.719"
"124","1","6700","7.470","2.719"
"125","1","6750","7.470","2.719"
"126","1","6800","7.470","2.719"
"127","1","6850","7.470","2.719"
"128","1","6900","7.470","2.719"
"129","1","6950","7.470","2.719"
"130","1","7000","7.470","2.719"
"131","1","7050","8.124","2.269"
"132","1","7100","8.124","2.089"
"133","1","7150","8.124","1.969"
"134","1","7200","8.124","1.729"
"135","1","7250","8.124","0.889"
"136","1","7300","8.124","0.949"
"137","1","7350","8.124","1.069"
"138","1","7400","8.124","1.129"
"139","1","7450","8.124","0.559"
"140","1","7500","8.124","0.589"
"141","1","7550","8.124","0.409"
"142","1","7600","8.124","0.079"
"143","1","7650","8.124","-0.161"
"144","1","7700","8.124","-0.431"
"145","1","7750","8.124","-0.671"
"146","1","7800","8.124","-0.881"
"147","1","7850","8.124","-0.881"
"148","1","7900","8.118","-0.906"
"149","1","7950","8.118","-0.906"
"150","1","8000","8.088","-0.906"
"151","1","8050","7.968","-0.906"
"152","1","8100","7.848","-0.906"
"153","1","8150","7.728","-0.906"
"154","1","8200","7.218","-1.356"
"155","1","8250","7.218","-1.476"
"156","1","8300","7.218","-1.596"
"157","1","8350","7.218","-1.716"
"158","1","8400","7.218","-1.813"
"159","1","8450","7.218","-1.813"
"160","1","8500","7.218","-1.813"
"161","1","8550","7.338","-1.813"
"162","1","8600","7.458","-1.813"
"163","1","8650","7.518","-1.813"
"164","1","8700","7.548","-1.813"
"165","1","8750","7.848","-1.813"
"166","1","8800","7.938","-1.813"
"167","1","8850","8.124","-1.963"
"168","1","8900","8.124","-2.023"
"169","1","8950","8.124","-2.083"
"170","1","9000","8.124","-2.203"
"171","1","9050","8.124","-2.293"
"172","1","9100","8.124","-3.523"
"173","1","9150","8.124","-3.553"
"174","1","9200","8.184","-3.625"
"175","1","9250","8.274","-3.625"
"176","1","9300","8.274","-3.625"
"177","1","9350","8.454","-3.625"
"178","1","9400","8.604","-3.625"
"179","1","9450","9.030","-3.546"
"180","1","9500","9.030","-2.376"
"181","1","9550","9.030","-3.546"
"182","1","9600","9.030","-2.346"
"183","1","9650","9.030","-2.256"
"184","1","9700","9.030","-2.226"
"185","1","9750","9.030","-2.136"
"186","1","9800","9.540","-1.813"
"187","1","9850","9.030","-1.776"
"188","1","9900","9.030","-1.746"
"189","1","9950","9.030","-1.536"
"190","1","10000","9.030","-1.386"
"191","1","10050","9.030","-1.266"
"192","1","10100","9.900","-0.906"
"193","1","10150","10.050","-0.906"
"194","1","10200","10.290","-0.906"
"195","1","10250","10.500","-0.906"
"196","1","10300","10.620","-0.906"
"197","1","10350","10.740","-0.906"
"198","1","10400","11.250","-0.906"
"199","1","10450","11.370","-0.906"
"200","1","10500","11.370","-0.906"
"201","1","10550","11.748","-1.260"
"202","1","10600","11.748","-1.230"
"203","1","10650","10.560","-0.906"
"204","1","10700","11.748","-1.020"
"205","1","10750","11.670","-0.906"
"206","1","10800","11.670","-0.906"
"207","1","10850","11.700","-0.906"
"208","1","10900","11.748","-0.840"
"209","1","10950","11.748","-0.300"
"210","1","11000","11.748","-0.210"
"211","1","11050","11.958","0.000"
"212","1","11100","9.930","0.000"
"213","1","11150","12.288","0.000"
"214","1","11200","12.528","0.000"
"215","1","11250","0.000","0.000"
"216","1","11300","0.000","0.000"
"217","1","11350","0.000","0.000"
"218","1","11400","0.000","0.000"
"219","1","11450","0.000","0.000"
"220","1","11500","0.000","0.000"
"221","1","11550","0.000","0.000"
"222","1","11600","0.000","0.000"
"223","1","11650","0.000","0.000"
"224","1","11700","12.498","0.000"
"225","1","11750","9.750","0.000"
"226","1","11800","12.078","0.000"
"227","1","11850","11.958","0.000"
"228","1","11900","10.140","0.000"
"229","1","11950","11.748","-0.150"
"230","1","12000","11.748","-0.180"
"231","1","12050","11.748","-0.300"
"232","1","12100","11.670","-0.906"
"233","1","12150","11.640","-0.906"
"234","1","12200","10.410","-0.906"
"235","1","12250","11.748","-1.290"
"236","1","12300","11.748","-1.290"
"237","1","12350","11.748","-1.290"
"238","1","12400","10.770","-0.906"
"239","1","12450","10.650","-0.906"
"240","1","12500","10.440","-0.906"
"241","1","12550","10.170","-0.906"
"242","1","12600","9.990","-0.906"
"243","1","12650","9.840","-0.906"
"244","1","12700","9.540","-0.906"
"245","1","12750","9.030","-1.176"
"246","1","12800","9.030","-1.206"
"247","1","12850","9.030","-1.146"
"248","1","12900","9.030","-1.206"
"249","1","12950","9.030","-1.296"
"250","1","13000","9.030","-1.446"
"251","1","13050","9.030","-1.716"
"252","1","13100","9.480","-1.813"
"253","1","13150","9.030","-2.226"
"254","1","13200","9.030","-2.436"
"255","1","13250","9.030","-2.556"
"256","1","13300","9.030","-2.646"
"257","1","13350","9.030","-3.156"
"258","1","13400","9.030","-3.156"
"259","1","13450","9.030","-2.646"
"260","1","13500","9.030","-2.586"
"261","1","13550","9.030","-3.396"
"262","1","13600","8.724","-3.625"
"263","1","13650","8.604","-3.625"
"264","1","13700","8.514","-3.625"
"265","1","13750","8.394","-3.625"
"266","1","13800","8.304","-3.625"
"267","1","13850","8.214","-3.625"
"268","1","13900","8.124","-2.143"
"269","1","13950","8.124","-2.173"
"270","1","14000","8.124","-2.173"
"271","1","14050","8.124","-2.173"
"272","1","14100","8.124","-2.263"
"273","1","14150","8.124","-2.143"
"274","1","14200","8.124","-2.083"
"275","1","14250","8.124","-1.993"
"276","1","14300","8.124","-1.933"
"277","1","14350","8.028","-1.813"
"278","1","14400","7.998","-1.813"
"279","1","14450","7.968","-1.813"
"280","1","14500","7.878","-1.813"
"281","1","14550","7.788","-1.813"
"282","1","14600","7.218","-1.566"
"283","1","14650","7.218","-1.476"
"284","1","14700","7.218","-1.386"
"285","1","14750","7.218","-1.236"
"286","1","14800","7.218","-1.296"
"287","1","14850","7.548","-0.906"
"288","1","14900","7.638","-0.906"
"289","1","14950","7.758","-0.906"
"290","1","15000","7.908","-0.906"
"291","1","15050","7.938","-0.906"
"292","1","15100","8.124","0.739"
"293","1","15150","8.124","1.159"
"294","1","15200","8.124","2.149"
"295","1","15250","8.124","2.269"
"296","1","15300","8.124","2.359"
"297","1","15350","8.124","2.419"
"298","1","15400","8.124","2.449"
"299","1","15450","7.950","2.719"
"300","1","15500","7.890","2.719"
"301","1","15550","7.770","2.719"
"302","1","15600","7.650","2.719"
"303","1","15650","7.440","2.719"
"304","1","15700","6.870","2.719"
"305","1","15750","6.480","2.719"
"306","1","15800","6.360","2.719"
"307","1","15850","6.180","2.719"
"308","1","15900","5.820","2.719"
"309","1","15950","5.130","2.719"
"310","1","16000","4.980","2.719"
"311","1","16050","4.500","2.155"
"312","1","16100","4.500","1.915"
"313","1","16150","4.500","1.675"
"314","1","16200","4.500","1.315"
"315","1","16250","4.500","0.865"
"316","1","16300","4.500","0.865"
"317","1","16350","4.500","0.565"
"318","1","16400","4.500","0.445"
"319","1","16450","4.500","0.355"
"320","1","16500","4.500","0.175"
"321","1","16550","4.500","0.055"
"322","1","16600","4.368","0.000"
"323","1","16650","4.248","0.000"
"324","1","16700","4.128","0.000"
"325","1","16750","4.008","0.000"
"326","1","16800","3.948","0.000"
"327","1","16850","3.888","0.000"
"328","1","16900","2.838","0.000"
"329","1","16950","3.048","0.000"
"330","1","17000","2.808","0.000"
"331","1","17050","2.688","-0.120"
"332","1","17100","2.688","-0.330"
"333","1","17150","2.688","-0.600"
"334","1","17200","2.688","-0.300"
"335","1","17250","2.688","-1.440"
"336","1","17300","2.688","-1.470"
"337","1","17350","2.688","-1.410"
"338","1","17400","2.688","-1.500"
"339","1","17450","2.688","-1.560"
"340","1","17500","2.688","-1.590"
"341","1","17550","2.688","-1.650"
"342","1","17600","2.381","-1.813"
"343","1","17650","2.688","-2.719"
"344","1","17700","0.875","-2.250"
"345","1","17750","0.875","-2.370"
"346","1","17800","0.875","-3.390"
"347","1","17850","0.875","-2.550"
"348","1","17900","0.875","-2.490"
"349","1","17950","0.875","-2.370"
"350","1","18000","0.875","-2.220"
"351","1","18050","1.781","-2.034"
"352","1","18100","0.875","-1.920"
"353","1","18150","0.875","-1.170"
"354","1","18300","2.688","-0.120"
"355","1","18350","0.480","0.000"
"356","1","18400","2.898","0.000"
"357","1","18450","0.330","0.000"
"358","2","0","0.000","0.000"
"359","2","50","0.000","0.000"
"360","2","100","0.000","0.000"
"361","2","150","0.000","0.000"
"362","2","200","0.000","0.000"
"363","2","250","0.000","0.000"
"364","2","300","0.000","0.000"
"365","2","350","0.000","0.000"
"366","2","400","0.000","0.000"
"367","2","450","0.000","0.000"
"368","2","500","0.000","0.000"
"369","2","550","0.000","0.000"
"370","2","600","0.000","0.000"
"371","2","650","0.000","0.000"
"372","2","700","0.000","0.000"
"373","2","750","0.000","0.000"
"374","2","800","0.000","0.000"
"375","2","850","0.000","0.000"
"376","2","900","0.000","0.000"
"377","2","950","0.000","0.000"
"378","2","1000","0.000","0.000"
"379","2","1050","0.000","0.000"
"380","2","1200","0.240","0.000"
"381","2","1250","3.018","0.000"
"382","2","1300","0.270","0.000"
"383","2","1350","0.240","0.000"
"384","2","1400","0.180","0.000"
"385","2","1450","0.150","0.000"
"386","2","1600","0.875","-2.370"
"387","2","1700","0.875","-2.370"
"388","2","1750","0.875","-2.370"
"389","2","1900","0.210","0.000"
"390","2","1950","0.210","0.000"
"391","2","2100","1.781","0.816"
"392","2","2150","1.781","-2.574"
"393","2","2200","1.781","0.816"
"394","2","2350","1.781","-2.604"
"395","3","0","0.875","0.630"
"396","3","50","1.781","0.816"
"397","3","200","3.078","0.000"
"398","3","250","3.078","0.000"
"399","3","300","3.078","0.000"
"400","3","400","0.240","0.000"
"401","3","450","0.150","0.000"
"402","3","500","0.180","0.000"
"403","3","550","3.108","0.000"
"404","3","600","0.180","0.000"
"405","3","650","0.180","0.000"
"406","3","700","3.138","0.000"
"407","3","750","3.138","0.000"
"408","3","800","0.180","0.000"
"409","3","850","0.210","0.000"
"410","3","900","3.048","0.000"
"411","3","950","3.018","0.000"
"412","3","1000","2.988","0.000"
"413","3","1050","0.420","0.000"
"414","3","1100","0.510","0.000"
"415","3","1150","2.688","-0.090"
"416","3","1200","0.720","0.000"
"417","3","1250","0.780","0.000"
"418","3","1300","0.810","0.000"
"419","3","1350","0.875","0.060"
"420","3","1400","0.875","0.150"
"421","3","1450","0.875","0.210"
"422","3","1500","0.875","0.270"
"423","3","1550","0.875","0.360"
"424","3","1600","0.875","0.450"
"425","3","1650","0.875","0.510"
"426","3","1700","0.875","0.540"
"427","3","1750","0.875","0.660"
"428","3","1800","0.875","0.750"
"429","3","1850","0.875","0.780"
"430","3","1900","0.875","0.660"
"431","3","1950","0.875","1.080"
"432","3","2000","0.875","1.080"
"433","3","2050","0.875","0.660"
"434","3","2100","0.875","0.660"
"435","3","2150","0.875","1.230"
"436","3","2200","0.875","1.260"
"437","3","2250","0.875","1.080"
"438","3","2300","0.875","0.660"
"439","3","2350","0.875","0.720"
"440","3","2400","0.875","0.600"
"441","3","2450","0.875","0.450"
"442","3","2500","0.875","0.270"
"443","3","2550","0.875","0.000"
"444","3","2600","0.875","-0.210"
"445","3","2650","0.875","-0.420"
"446","3","2700","0.875","-0.780"
"447","3","2750","0.875","-0.990"
"448","3","2800","0.875","-0.780"
"449","3","2850","0.875","-0.990"
"450","3","2900","0.875","-1.260"
"451","3","2950","0.875","-1.470"
"452","3","3000","1.781","-1.674"
"453","3","3050","2.141","-1.813"
"454","3","3100","0.875","-1.980"
"455","3","3150","0.875","-2.070"
"456","3","3200","0.875","-2.130"
"457","3","3250","0.875","-2.160"
"458","3","3300","0.875","-2.190"
"459","3","3350","0.875","-2.220"
"460","3","3400","0.875","-2.250"
"461","3","3450","0.875","-2.280"
"462","3","3500","0.875","-2.310"
"463","3","3550","0.875","-2.370"
"464","3","3600","0.875","-2.430"
"465","3","3650","0.875","-2.490"
"466","3","3700","0.875","-3.150"
"467","3","3800","0.875","-2.640"
"468","3","3850","1.175","-3.625"
"469","3","3900","0.875","-3.300"
"470","3","3950","1.115","-3.625"
"471","3","4000","0.875","-2.460"
"472","3","4050","0.875","-3.450"
"473","3","4100","1.115","-3.625"
"474","3","4250","1.781","-3.504"
"475","3","4300","1.781","-3.444"
"476","3","4350","1.781","-2.454"
"477","3","4400","1.781","-2.484"
"478","3","4450","1.781","-3.354"
"479","3","4500","1.781","-2.634"
"480","3","4550","1.781","-2.604"
"481","3","4600","1.781","-2.574"
"482","3","4650","1.781","-2.574"
"483","3","4700","1.781","-2.544"
"484","3","4750","1.781","-2.544"
"485","3","4800","1.781","-2.514"
"486","3","4850","1.781","-2.484"
"487","3","4900","1.781","-2.454"
"488","3","4950","1.781","-2.424"
"489","3","5000","1.781","-2.394"
"490","3","5050","1.781","-2.334"
"491","3","5100","1.781","-2.304"
"492","3","5150","1.781","-2.244"
"493","3","5200","1.781","-2.244"
"494","3","5250","1.781","-2.154"
"495","3","5300","1.781","-2.094"
"496","3","5350","1.781","-2.004"
"497","3","5400","1.781","-1.944"
"498","3","5450","1.931","-1.813"
"499","3","5500","2.021","-1.813"
"500","3","5550","2.141","-1.813"
"501","3","5600","2.231","-1.813"
"502","3","5650","2.351","-1.813"
"503","3","5700","2.411","-1.813"
"504","3","5750","2.471","-1.813"
"505","3","5800","2.501","-1.813"
"506","3","5850","2.561","-1.813"
"507","3","5900","2.688","-1.650"
"508","3","5950","2.688","-1.560"
"509","3","6000","2.688","-1.410"
"510","3","6050","2.688","-1.470"
"511","3","6100","2.688","-1.440"
"512","3","6150","2.688","-1.410"
"513","3","6200","2.688","-0.360"
"514","3","6250","2.688","-0.360"
"515","3","6300","2.688","-1.410"
"516","3","6350","2.688","-0.330"
"517","3","6400","2.688","-1.440"
"518","3","6450","2.688","-0.720"
"519","3","6500","2.688","-0.540"
"520","3","6550","2.688","-0.450"
"521","3","6600","2.688","-0.300"
"522","3","6650","2.688","-0.210"
"523","3","6700","2.688","-0.120"
"524","3","6750","2.688","-0.090"
"525","3","6800","2.688","-0.090"
"526","3","6850","2.688","-0.090"
"527","3","6900","2.688","-0.090"
"528","3","6950","2.688","-0.090"
"529","3","7000","2.688","-0.090"
"530","3","7050","2.838","0.000"
"531","3","7100","3.048","0.000"
"532","3","7150","3.588","0.000"
"533","3","7200","3.918","0.000"
"534","3","7250","3.918","0.000"
"535","3","7300","3.918","0.000"
"536","3","7350","3.918","0.000"
"537","3","7400","3.918","0.000"
"538","3","7450","3.918","0.000"
"539","3","7500","3.918","0.000"
"540","3","7550","3.948","0.000"
"541","3","7600","4.038","0.000"
"542","3","7650","4.500","0.715"
"543","3","7700","4.500","1.345"
"544","3","7750","4.500","1.945"
"545","3","7800","4.500","1.975"
"546","3","7850","4.500","2.005"
"547","3","7900","4.500","2.005"
"548","3","7950","4.500","2.005"
"549","3","8000","4.500","2.035"
"550","3","8050","4.500","2.155"
"551","3","8100","4.500","2.275"
"552","3","8150","4.500","3.445"
"553","3","8200","4.500","3.415"
"554","3","8250","4.500","3.475"
"555","3","8300","4.500","2.275"
"556","3","8350","4.500","2.245"
"557","3","8400","4.500","2.245"
"558","3","8450","4.530","3.625"
"559","3","8500","4.590","3.625"
"560","3","8550","4.740","3.625"
"561","3","8600","4.920","3.625"
"562","3","8650","4.650","2.719"
"563","3","8750","5.070","3.625"
"564","3","8850","5.880","3.625"
"565","3","8900","5.880","3.625"
"566","3","8950","5.880","3.625"
"567","3","9050","5.520","3.625"
"568","3","9100","5.610","3.625"
"569","3","9150","5.730","3.625"
"570","3","9200","5.880","3.625"
"571","3","9250","5.970","3.625"
"572","3","9300","5.970","3.625"
"573","3","9350","6.150","3.625"
"574","3","9400","6.240","3.625"
"575","3","9450","6.360","3.625"
"576","3","9500","6.480","3.625"
"577","3","9550","6.570","3.625"
"578","3","9600","6.660","3.625"
"579","3","9650","6.780","3.625"
"580","3","9700","6.870","3.625"
"581","3","9750","6.930","3.625"
"582","3","9800","6.960","3.625"
"583","3","9850","6.990","3.625"
"584","3","9900","6.990","3.625"
"585","3","9950","7.080","3.625"
"586","3","10050","7.650","3.625"
"587","3","10100","7.620","3.625"
"588","3","10150","7.710","3.625"
"589","3","10200","7.770","3.625"
"590","3","10250","7.830","3.625"
"591","3","10300","7.890","3.625"
"592","3","10350","7.950","3.625"
"593","3","10400","8.010","3.625"
"594","3","10450","8.040","3.625"
"595","3","10500","8.070","3.625"
"596","3","10550","8.160","3.625"
"597","3","10600","8.250","3.625"
"598","3","10650","8.340","3.625"
"599","3","10700","8.430","3.625"
"600","3","10750","8.460","3.625"
"601","3","10800","8.430","3.625"
"602","3","10850","8.340","3.625"
"603","3","10900","8.220","3.625"
"604","3","10950","8.124","2.359"
"605","3","11000","7.890","3.625"
"606","3","11050","7.140","3.625"
"607","3","11100","6.480","3.625"
"608","3","11150","6.330","3.625"
"609","3","11200","5.220","3.625"
"610","3","11250","4.620","3.625"
"611","3","11300","4.500","3.535"
"612","3","11350","4.500","3.505"
"613","3","11400","4.500","3.475"
"614","3","11450","4.500","3.415"
"615","3","11500","4.500","2.515"
"616","3","11550","4.500","3.325"
"617","3","11600","4.500","3.295"
"618","3","11650","4.740","2.719"
"619","3","11700","4.860","2.719"
"620","3","11750","5.160","2.719"
"621","3","11800","5.850","2.719"
"622","3","11850","6.030","2.719"
"623","3","11900","6.300","2.719"
"624","3","11950","6.480","2.719"
"625","3","12000","6.660","2.719"
"626","3","12050","6.750","2.719"
"627","3","12100","7.530","2.719"
"628","3","12150","7.830","2.719"
"629","3","12200","7.860","2.719"
"630","3","12250","7.890","2.719"
"631","3","12300","8.124","2.509"
"632","3","12350","8.124","2.479"
"633","3","12400","8.124","2.479"
"634","3","12450","8.124","2.509"
"635","3","12500","8.124","2.509"
"636","3","12550","8.124","2.449"
"637","3","12600","8.124","2.389"
"638","3","12650","8.124","2.329"
"639","3","12700","8.124","2.239"
"640","3","12750","8.124","2.119"
"641","3","12800","8.124","2.119"
"642","3","12850","8.124","1.939"
"643","3","12900","8.124","1.699"
"644","3","12950","8.124","0.139"
"645","3","13000","8.124","0.349"
"646","3","13050","8.124","-0.041"
"647","3","13100","8.124","-0.251"
"648","3","13150","7.818","-0.906"
"649","3","13200","7.668","-0.906"
"650","3","13250","7.608","-0.906"
"651","3","13300","7.548","-0.906"
"652","3","13350","7.608","-0.906"
"653","3","13400","7.608","-0.906"
"654","3","13450","7.218","-1.236"
"655","3","13500","7.218","-1.296"
"656","3","13550","7.218","-1.446"
"657","3","13600","7.218","-1.566"
"658","3","13650","7.218","-1.686"
"659","3","13700","7.218","-1.813"
"660","3","13750","7.218","-1.813"
"661","3","13800","7.218","-1.813"
"662","3","13850","7.218","-1.813"
"663","3","13900","7.218","-1.813"
"664","3","13950","7.218","-1.813"
"665","3","14000","7.218","-1.813"
"666","3","14050","7.218","-1.813"
"667","3","14100","7.218","-1.813"
"668","3","14150","7.218","-1.813"
"669","3","14200","7.218","-1.813"
"670","3","14250","7.218","-1.813"
"671","3","14300","7.218","-1.813"
"672","3","14350","7.218","-1.813"
"673","3","14400","7.218","-1.813"
"674","3","14450","7.218","-1.813"
"675","3","14500","7.218","-1.813"
"676","3","14550","7.398","-1.813"
"677","3","14600","7.728","-1.813"
"678","3","14650","7.848","-1.813"
"679","3","14700","7.968","-1.813"
"680","3","14750","8.124","-1.963"
"681","3","14800","8.124","-1.963"
"682","3","14850","8.124","-1.963"
"683","3","14900","8.124","-1.963"
"684","3","14950","8.124","-1.963"
"685","3","15000","8.124","-1.993"
"686","3","15050","8.124","-2.053"
"687","3","15100","8.124","-2.113"
"688","3","15150","8.124","-2.263"
"689","3","15200","8.124","-2.383"
"690","3","15250","8.124","-3.133"
"691","3","15300","8.124","-2.923"
"692","3","15350","8.124","-3.013"
"693","3","15400","8.124","-2.683"
"694","3","15450","8.124","-3.283"
"695","3","15500","8.124","-2.443"
"696","3","15550","8.124","-3.523"
"697","3","15600","8.124","-2.263"
"698","3","15650","8.154","-3.625"
"699","3","15700","8.154","-3.625"
"700","3","15750","8.214","-3.625"
"701","3","15800","8.244","-3.625"
"702","3","15850","8.304","-3.625"
"703","3","15900","8.364","-3.625"
"704","3","15950","8.424","-3.625"
"705","3","16000","8.484","-3.625"
"706","3","16050","8.574","-3.625"
"707","3","16100","8.664","-3.625"
"708","3","16150","8.754","-3.625"
"709","3","16200","9.030","-2.016"
"710","3","16300","9.510","-1.813"
"711","3","16350","9.870","-1.813"
"712","3","16400","10.050","-1.813"
"713","3","16450","10.230","-1.813"
"714","3","16500","11.748","-1.410"
"715","3","16550","11.748","-1.380"
"716","3","16600","11.748","-1.380"
"717","3","16650","11.748","-1.350"
"718","3","16700","11.748","-1.080"
"719","3","16750","11.670","-0.906"
"720","3","16800","11.670","-0.906"
"721","3","16850","11.748","-0.330"
"722","3","16900","11.748","-0.330"
"723","3","16950","11.748","-0.210"
"724","3","17000","11.748","-0.120"
"725","3","17050","11.958","0.000"
"726","3","17100","12.018","0.000"
"727","3","17150","9.930","0.000"
"728","3","17200","12.168","0.000"
"729","3","17250","12.198","0.000"
"730","3","17300","9.810","0.000"
"731","3","17350","12.228","0.000"
"732","3","17400","9.780","0.000"
"733","3","17450","9.780","0.000"
"734","3","17500","9.780","0.000"
"735","3","17550","9.780","0.000"
"736","3","17600","9.780","0.000"
"737","3","17650","9.780","0.000"
"738","3","17700","9.780","0.000"
"739","3","17750","12.228","0.000"
"740","3","17800","9.810","0.000"
"741","3","17850","9.840","0.000"
"742","3","17900","9.870","0.000"
"743","3","17950","12.108","0.000"
"744","3","18000","12.048","0.000"
"745","3","18050","11.988","0.000"
"746","3","18100","11.928","0.000"
"747","3","18150","10.140","0.000"
"748","3","18200","11.748","-0.180"
"749","3","18250","11.748","-0.240"
"750","3","18300","11.748","-0.300"
"751","3","18350","11.748","-0.390"
"752","3","18400","11.748","-0.450"
"753","3","18450","10.350","-0.906"
"754","3","18500","11.670","-0.906"
"755","3","18550","11.748","-1.020"
"756","3","18600","11.748","-1.080"
"757","3","18650","11.748","-1.290"
"758","3","18700","11.748","-1.290"
"759","3","18750","11.748","-1.290"
"760","3","18800","10.680","-0.906"
"761","3","18850","10.680","-0.906"
"762","3","18900","10.680","-0.906"
"763","3","18950","10.680","-0.906"
"764","3","19000","10.410","-1.813"
"765","3","19050","10.110","-1.813"
"766","3","19100","10.020","-1.813"
"767","3","19150","9.960","-1.813"
"768","3","19200","9.930","-1.813"
"769","3","19250","9.030","-2.166"
"770","3","19300","8.724","-3.625"
"771","3","19350","8.604","-3.625"
"772","3","19400","8.334","-3.625"
"773","3","19450","8.124","-2.143"
"774","3","19500","8.124","-2.143"
"775","3","19550","8.124","-2.143"
"776","3","19600","8.124","-2.173"
"777","3","19650","8.124","-2.203"
"778","3","19700","8.124","-3.625"
"779","3","19750","8.124","-3.583"
"780","3","19800","8.124","-2.293"
"781","3","19850","8.124","-3.433"
"782","3","19900","8.124","-2.563"
"783","3","19950","8.124","-2.713"
"784","3","20000","8.124","-2.923"
"785","3","20050","8.124","-3.013"
"786","3","20100","8.124","-2.413"
"787","3","20150","8.124","-2.323"
"788","3","20200","8.124","-2.203"
"789","3","20250","8.124","-2.113"
"790","3","20300","8.124","-2.053"
"791","3","20350","8.124","-1.993"
"792","3","20400","8.124","-1.993"
"793","3","20450","8.124","-1.963"
"794","3","20500","8.124","-1.933"
"795","3","20550","7.998","-1.813"
"796","3","20600","7.908","-1.813"
"797","3","20650","7.788","-1.813"
"798","3","20700","7.488","-1.813"
"799","3","20750","7.368","-1.813"
"800","3","20800","7.248","-1.813"
"801","3","20850","7.218","-1.813"
"802","3","20900","7.218","-1.813"
"803","3","20950","7.218","-1.813"
"804","3","21000","7.218","-1.813"
"805","3","21050","7.218","-1.716"
"806","3","21100","7.218","-1.656"
"807","3","21150","7.218","-1.566"
"808","3","21200","7.218","-1.476"
"809","3","21250","7.218","-1.446"
"810","3","21300","7.218","-1.416"
"811","3","21350","7.218","-1.386"
"812","3","21400","7.218","-1.386"
"813","3","21450","7.218","-1.356"
"814","3","21500","7.218","-1.356"
"815","3","21550","7.218","-1.326"
"816","3","21600","7.218","-1.296"
"817","3","21650","7.218","-1.266"
"818","3","21700","7.218","-1.206"
"819","3","21750","7.218","-1.266"
"820","3","21800","7.218","-1.266"
"821","3","21850","7.218","-1.266"
"822","3","21900","7.578","-0.906"
"823","3","21950","7.218","-1.266"
"824","3","22000","7.548","-0.906"
"825","3","22050","7.218","-1.236"
"826","3","22100","7.218","-1.386"
"827","3","22150","7.218","-1.566"
"828","3","22200","7.218","-1.686"
"829","3","22250","7.218","-1.776"
"830","3","22300","7.218","-1.813"
"831","3","22350","7.308","-1.813"
"832","3","22400","7.398","-1.813"
"833","3","22450","7.458","-1.813"
"834","3","22500","7.728","-1.813"
"835","3","22550","7.848","-1.813"
"836","3","22600","7.938","-1.813"
"837","3","22650","8.124","-1.963"
"838","3","22700","8.124","-1.963"
"839","3","22750","8.124","-2.083"
"840","3","22800","8.124","-2.203"
"841","3","22850","8.124","-2.353"
"842","3","22900","8.124","-2.533"
"843","3","22950","8.124","-2.923"
"844","3","23000","8.124","-2.923"
"845","3","23050","8.124","-2.833"
"846","3","23100","8.124","-3.223"
"847","3","23150","8.124","-3.343"
"848","3","23200","8.124","-3.463"
"849","3","23250","8.124","-2.323"
"850","3","23300","8.124","-3.553"
"851","3","23350","8.124","-3.613"
"852","3","23400","8.124","-2.203"
"853","3","23450","8.124","-2.173"
"854","3","23500","8.124","-2.143"
"855","3","23550","8.124","-2.143"
"856","3","23600","8.124","-2.143"
"857","3","23650","8.124","-2.143"
"858","3","23700","8.124","-2.143"
"859","3","23750","8.124","-2.143"
"860","3","23800","8.124","-2.143"
"861","3","23850","8.124","-2.143"
"862","3","23900","8.124","-2.143"
"863","3","23950","8.124","-2.143"
"864","3","24000","8.124","-2.143"
"865","3","24050","8.124","-2.173"
"866","3","24100","8.124","-2.173"
"867","3","24150","8.124","-2.233"
"868","3","24200","8.124","-2.323"
"869","3","24250","8.124","-2.413"
"870","3","24300","8.124","-3.313"
"871","3","24350","8.124","-2.683"
"872","3","24400","8.124","-2.863"
"873","3","24450","8.124","-2.923"
"874","3","24500","8.124","-2.923"
"875","3","24550","8.124","-2.383"
"876","3","24600","8.124","-2.203"
"877","3","24650","8.124","-2.053"
"878","3","24700","8.124","-1.903"
"879","3","24750","8.124","-1.873"
"880","3","24800","8.058","-1.813"
"881","3","24850","7.998","-1.813"
"882","3","24900","7.938","-1.813"
"883","3","24950","7.848","-1.813"
"884","3","25000","7.758","-1.813"
"885","3","25050","7.548","-1.813"
"886","3","25100","7.218","-1.536"
"887","3","25150","6.312","-1.170"
"888","3","25300","8.124","1.969"
"889","3","25350","8.124","2.059"
"890","3","25400","8.124","2.119"
"891","3","25450","8.124","2.209"
"892","3","25500","8.124","2.299"
"893","3","25550","8.124","2.389"
"894","3","25600","7.860","2.719"
"895","3","25650","7.590","2.719"
"896","3","25700","6.990","2.719"
"897","3","25750","6.480","2.719"
"898","3","25800","6.240","2.719"
"899","3","25850","6.150","3.625"
"900","3","25900","6.090","3.625"
"901","3","25950","6.060","3.625"
"902","3","26000","6.060","3.625"
"903","3","26050","6.060","3.625"
"904","3","26100","6.060","3.625"
"905","3","26150","6.060","3.625"
"906","3","26200","6.060","3.625"
"907","3","26250","5.970","3.625"
"908","3","26300","5.910","2.719"
"909","3","26350","5.790","2.719"
"910","3","26400","5.340","2.719"
"911","3","26450","5.850","2.719"
"912","3","26500","5.100","2.719"
"913","3","26550","5.040","2.719"
"914","3","26600","4.890","2.719"
"915","3","26650","4.740","2.719"
"916","3","26700","4.590","2.719"
"917","3","26750","4.500","2.875"
"918","3","26800","4.500","2.845"
"919","3","26850","4.500","2.485"
"920","3","26900","4.500","2.365"
"921","3","26950","4.500","2.245"
"922","3","27000","4.500","2.065"
"923","3","27050","4.500","1.885"
"924","3","27100","4.500","1.255"
"925","3","27150","4.500","0.295"
"926","3","27200","4.500","0.175"
"927","3","27250","4.500","0.085"
"928","3","27300","4.500","0.000"
"929","3","27350","4.500","0.000"
"930","3","27400","4.500","0.000"
"931","3","27450","4.458","0.000"
"932","3","27500","4.338","0.000"
"933","3","27550","4.218","0.000"
"934","3","27600","4.068","0.000"
"935","3","27650","3.918","0.000"
"936","3","27700","3.948","0.000"
"937","3","27750","3.138","0.000"
"938","3","27800","3.048","0.000"
"939","3","27850","2.958","0.000"
"940","3","27900","2.868","0.000"
"941","3","27950","2.958","0.000"
"942","3","28000","2.958","0.000"
"943","3","28050","2.688","0.000"
"944","3","28100","2.688","-1.230"
"945","3","28150","2.561","-1.813"
"946","3","28200","2.561","-1.813"
"947","3","28250","2.621","-1.813"
"948","3","28300","2.688","-1.813"
"949","3","28350","2.778","-1.813"
"950","3","28400","2.838","-1.813"
"951","3","28450","2.898","-1.813"
"952","3","28500","2.958","-1.813"
"953","3","28550","3.018","-1.813"
"954","3","28600","2.928","-1.813"
"955","3","28650","2.868","-1.813"
"956","3","28700","2.501","-1.813"
"957","3","28750","2.688","-3.529"
"958","3","28800","2.688","-3.499"
"959","3","28850","2.688","-3.469"
"960","3","28900","2.688","-3.469"
"961","3","28950","2.688","-3.469"
"962","3","29000","2.688","-3.499"
"963","3","29050","2.688","-2.719"
"964","3","29100","2.838","-1.813"
"965","3","29150","2.838","-1.813"
"966","3","29200","2.838","-1.813"
"967","3","29250","2.748","-1.813"
"968","3","29300","2.688","-1.770"
"969","3","29350","2.688","-1.740"
"970","3","29400","2.688","-1.710"
"971","3","29450","2.688","-1.650"
"972","3","29500","2.688","-1.530"
"973","3","29550","2.688","-1.380"
"974","3","29600","2.688","-1.560"
"975","3","29650","2.688","-0.720"
"976","3","29700","2.688","-0.630"
"977","3","29750","2.688","-0.360"
"978","3","29800","2.688","-0.330"
"979","3","29850","2.688","-0.210"
"980","3","29900","2.688","-0.120"
"981","3","29950","2.688","-0.090"
"982","3","30000","2.868","0.000"
"983","3","30050","3.018","0.000"
"984","3","30100","2.988","0.000"
"985","3","30150","3.918","0.000"
"986","3","30200","3.948","0.000"
"987","3","30250","3.918","0.000"
"988","3","30300","3.918","0.000"
"989","3","30350","3.948","0.000"
"990","3","30400","3.948","0.000"
"991","3","30450","3.594","0.265"
"992","3","30500","3.594","0.415"
"993","3","30550","3.594","0.535"
"994","3","30600","3.594","0.715"
"995","3","30650","3.594","1.165"
"996","3","30700","3.594","1.135"
"997","3","30750","3.594","1.105"
"998","3","30800","3.594","0.625"
"999","3","30850","3.594","0.625"
"1000","3","30900","3.594","0.625"
"1001","3","30950","3.594","1.105"
"1002","3","31000","3.594","1.105"
"1003","3","31050","3.594","1.105"
"1004","3","31100","3.594","0.625"
"1005","3","31150","3.594","0.625"
"1006","3","31200","3.594","0.625"
"1007","3","31250","3.594","1.105"
"1008","3","31300","3.594","1.105"
"1009","3","31350","3.594","1.105"
"1010","3","31400","3.594","1.105"
"1011","3","31450","3.594","1.105"
"1012","3","31500","3.594","1.105"
"1013","3","31550","3.594","1.105"
"1014","3","31600","3.594","1.105"
"1015","3","31650","3.594","1.105"
"1016","3","31700","3.594","1.105"
"1017","3","31750","3.594","1.105"
"1018","3","31800","3.594","1.105"
"1019","3","31850","3.594","0.625"
"1020","3","31900","3.594","1.135"
"1021","3","31950","3.594","1.135"
"1022","3","32000","3.594","0.595"
"1023","3","32050","3.594","0.565"
"1024","3","32100","3.594","1.735"
"1025","3","32150","2.688","1.729"
"1026","3","32200","2.688","2.059"
"1027","3","32250","2.688","2.359"
"1028","3","32300","2.381","2.719"
"1029","3","32350","2.381","2.719"
"1030","3","32400","2.381","2.719"
"1031","3","32450","2.381","2.719"
"1032","3","32500","0.935","2.719"
"1033","3","32550","2.688","2.419"
"1034","3","32600","1.781","2.329"
"1035","3","32650","2.321","2.719"
"1036","3","32700","2.411","2.719"
"1037","3","32750","2.531","2.719"
"1038","3","32800","2.688","2.419"
"1039","3","32850","2.688","2.329"
"1040","3","32900","2.688","2.239"
"1041","3","32950","2.688","2.119"
"1042","3","33000","2.688","1.999"
"1043","3","33050","2.688","1.819"
"1044","3","33100","2.688","1.669"
"1045","3","33150","2.688","1.549"
"1046","3","33200","2.688","1.519"
"1047","3","33250","2.688","1.489"
"1048","3","33300","2.688","1.459"
"1049","3","33350","2.688","1.429"
"1050","3","33400","2.688","1.429"
"1051","3","33450","2.688","1.429"
"1052","3","33500","2.688","1.459"
"1053","3","33550","2.688","1.489"
"1054","3","33600","2.688","1.489"
"1055","3","33650","2.688","1.489"
"1056","3","33700","2.688","1.459"
"1057","3","33750","2.688","1.429"
"1058","3","33800","2.688","1.399"
"1059","3","33850","2.411","0.906"
"1060","3","33900","2.291","0.906"
"1061","3","33950","2.201","0.906"
"1062","3","34000","2.081","0.906"
"1063","3","34050","2.201","0.906"
"1064","3","34100","2.321","0.906"
"1065","3","34150","2.441","0.906"
"1066","3","34200","2.688","1.369"
"1067","3","34250","2.688","1.429"
"1068","3","34300","2.688","1.429"
"1069","3","34350","2.688","1.429"
"1070","3","34400","2.688","1.429"
"1071","3","34450","2.688","1.459"
"1072","3","34500","2.688","1.669"
"1073","3","34550","2.688","1.879"
"1074","3","34600","2.688","2.119"
"1075","3","34650","2.688","2.239"
"1076","3","34700","2.688","2.359"
"1077","3","34750","2.688","2.449"
"1078","3","34800","2.688","2.359"
"1079","3","34850","2.688","2.359"
"1080","3","34900","2.585","3.625"
"1081","3","34950","2.555","3.625"
"1082","3","35000","2.525","3.625"
"1083","3","35050","2.291","2.719"
"1084","3","35100","2.141","2.719"
"1085","3","35150","1.781","2.539"
"1086","3","35200","1.781","2.509"
"1087","3","35250","1.781","2.509"
"1088","3","35300","1.781","2.479"
"1089","3","35350","2.231","2.719"
"1090","3","35400","0.995","2.719"
"1091","3","35450","1.295","3.625"
"1092","3","35500","2.075","3.625"
"1093","3","35550","0.875","3.289"
"1094","3","35600","0.875","3.379"
"1095","3","35650","0.875","3.409"
"1096","3","35700","2.195","3.625"
"1097","3","35750","1.175","3.625"
"1098","3","35800","1.235","3.625"
"1099","3","35850","1.265","3.625"
"1100","3","35900","2.045","3.625"
"1101","3","35950","1.781","2.119"
"1102","3","36000","1.925","3.625"
"1103","3","36050","2.375","3.625"
"1104","3","36100","2.585","3.625"
"1105","3","36150","2.795","3.625"
"1106","3","36200","3.215","3.625"
"1107","3","36250","3.095","3.625"
"1108","3","36300","3.545","3.625"
"1109","3","36350","3.594","3.535"
"1110","3","36400","3.594","3.445"
"1111","3","36450","3.594","2.485"
"1112","3","36500","3.594","2.545"
"1113","3","36550","3.594","2.515"
"1114","3","36600","3.594","2.605"
"1115","3","36650","3.594","2.485"
"1116","3","36700","3.594","2.425"
"1117","3","36750","3.594","2.185"
"1118","3","36800","3.594","1.915"
"1119","3","36850","3.594","1.735"
"1120","3","36900","3.594","1.495"
"1121","3","36950","3.594","1.285"
"1122","3","37000","3.594","1.165"
"1123","3","37050","3.594","1.225"
"1124","3","37100","3.594","0.685"
"1125","3","37150","3.594","0.505"
"1126","3","37200","3.594","0.325"
"1127","3","37250","3.888","0.000"
"1128","3","37300","3.888","0.000"
"1129","3","37350","3.888","0.000"
"1130","3","37400","3.888","0.000"
"1131","3","37450","2.838","0.000"
"1132","3","37500","3.138","0.000"
"1133","3","37550","2.808","0.000"
"1134","3","37600","2.688","-0.120"
"1135","3","37650","2.688","-0.360"
"1136","3","37700","2.688","-1.470"
"1137","3","37750","2.688","-1.530"
"1138","3","37800","2.688","-1.590"
"1139","3","37850","2.688","-1.650"
"1140","3","37900","2.688","-1.680"
"1141","3","37950","2.838","-1.813"
"1142","3","38000","2.988","-1.813"
"1143","3","38050","3.108","-1.813"
"1144","3","38100","3.594","-2.173"
"1145","3","38150","3.594","-2.233"
"1146","3","38200","3.594","-2.293"
"1147","3","38250","3.594","-2.323"
"1148","3","38300","3.594","-2.323"
"1149","3","38350","3.594","-2.353"
"1150","3","38400","3.594","-2.353"
"1151","3","38450","3.594","-2.383"
"1152","3","38500","3.594","-2.383"
"1153","3","38550","3.594","-2.443"
"1154","3","38600","3.594","-2.473"
"1155","3","38650","3.594","-2.503"
"1156","3","38700","3.594","-2.533"
"1157","3","38750","3.594","-2.533"
"1158","3","38800","3.594","-2.503"
"1159","3","38850","3.594","-2.473"
"1160","3","38900","3.594","-2.443"
"1161","3","38950","3.594","-2.383"
"1162","3","39000","3.594","-2.413"
"1163","3","39050","3.594","-2.473"
"1164","3","39100","3.168","-2.719"
"1165","3","39150","3.018","-2.719"
"1166","3","39200","2.898","-2.719"
"1167","3","39250","2.778","-2.719"
"1168","3","39300","2.688","-3.469"
"1169","3","39350","2.688","-3.469"
"1170","3","39400","2.688","-3.469"
"1171","3","39450","2.688","-3.469"
"1172","3","39500","2.688","-3.469"
"1173","3","39550","2.688","-3.469"
"1174","3","39600","2.688","-3.499"
"1175","3","39650","2.688","-3.559"
"1176","3","39700","2.688","-3.589"
"1177","3","39750","2.688","-3.625"
"1178","3","39800","2.688","-3.625"
"1179","3","39850","2.688","-3.625"
"1180","3","39900","2.688","-3.625"
"1181","3","39950","2.681","-1.813"
"1182","3","40000","2.681","-1.813"
"1183","3","40050","2.681","-1.813"
"1184","3","40100","2.681","-1.813"
"1185","3","40150","2.681","-1.813"
"1186","3","40200","2.688","-3.625"
"1187","3","40250","2.688","-3.625"
"1188","3","40300","2.688","-3.625"
"1189","3","40350","2.688","-3.559"
"1190","3","40400","2.688","-3.499"
"1191","3","40450","2.688","-3.469"
"1192","3","40500","2.688","-3.469"
"1193","3","40550","2.688","-3.469"
"1194","3","40600","2.688","-3.469"
"1195","3","40650","2.688","-3.469"
"1196","3","40700","2.688","-3.439"
"1197","3","40750","2.838","-3.625"
"1198","3","40800","2.838","-3.625"
"1199","3","40850","2.928","-3.625"
"1200","3","40900","3.018","-2.719"
"1201","3","40950","3.594","-2.473"
"1202","3","41000","3.594","-2.383"
"1203","3","41050","3.594","-2.263"
"1204","3","41100","3.594","-2.143"
"1205","3","41150","3.594","-2.023"
"1206","3","41200","3.594","-1.933"
"1207","3","41250","3.594","-1.873"
"1208","3","41300","3.594","-1.873"
"1209","3","41350","3.594","-1.873"
"1210","3","41400","3.594","-1.873"
"1211","3","41450","3.594","-1.873"
"1212","3","41500","3.594","-1.873"
"1213","3","41550","3.228","-1.813"
"1214","3","41600","3.228","-1.813"
"1215","3","41650","3.198","-1.813"
"1216","3","41700","3.168","-1.813"
"1217","3","41750","3.138","-1.813"
"1218","3","41800","3.078","-1.813"
"1219","3","41850","3.018","-1.813"
"1220","3","41900","2.958","-1.813"
"1221","3","41950","2.868","-1.813"
"1222","3","42000","2.778","-1.813"
"1223","3","42050","2.531","-1.813"
"1224","3","42100","2.321","-1.813"
"1225","3","42150","2.081","-1.813"
"1226","3","42200","1.781","-1.824"
"1227","3","42250","1.781","-1.824"
"1228","3","42300","1.781","-1.824"
"1229","3","42350","1.781","-1.824"
"1230","3","42400","1.781","-1.824"
"1231","3","42450","1.781","-1.854"
"1232","3","42500","1.781","-1.914"
"1233","3","42550","1.781","-2.124"
"1234","3","42600","1.781","-2.184"
"1235","3","42650","1.781","-2.274"
"1236","3","42700","1.781","-2.424"
"1237","3","42750","1.715","-3.625"
"1238","3","42800","1.781","-2.154"
"1239","3","42950","1.781","-2.004"
"1240","3","43000","1.781","-2.004"
"1241","3","43150","0.875","-2.280"
"1242","3","43200","2.688","-2.749"
"1243","3","43250","2.718","-2.719"
"1244","3","43350","0.875","-2.250"
"1245","3","43400","1.781","-1.974"
"1246","3","43550","0.875","-2.340"
"1247","3","43600","1.781","-2.124"
"1248","3","43650","1.781","-1.974"
"1249","3","43700","1.781","-1.944"
"1250","3","43750","2.201","-1.813"
"1251","3","43800","0.875","-1.530"
"1252","3","43850","0.875","-1.350"
"1253","3","43900","0.875","-1.170"
"1254","3","43950","0.875","-1.140"
"1255","3","44050","0.875","-0.690"
"1256","3","44100","0.875","-0.570"
"1257","3","44150","0.875","-0.420"
"1258","3","44200","0.875","-0.270"
"1259","3","44250","0.875","-0.180"
"1260","3","44300","0.875","-0.180"
"1261","3","44350","2.688","-0.120"
"1262","3","44400","2.688","-0.090"
"1263","3","44450","2.868","0.000"
"1264","3","44500","3.078","0.000"
"1265","3","44600","0.210","0.000"
"1266","3","44700","3.108","0.000"
"1267","3","44750","0.210","0.000"
"1268","3","44850","3.108","0.000"
"1269","3","44900","3.078","-1.813"
"1270","3","45050","0.150","0.000"
"1271","3","45100","3.228","0.000"
"1272","3","45150","0.090","0.000"
"1273","3","45200","3.108","0.000"
"1274","3","45300","3.018","0.000"
"1275","3","45450","0.330","0.000"
"1276","4","0","3.108","0.000"
"1277","4","50","0.210","0.000"
"1278","4","100","2.688","-0.450"
"1279","4","150","2.688","-0.450"
"1280","4","200","0.210","0.000"
"1281","4","300","3.108","0.000"
"1282","4","350","0.180","0.000"
"1283","4","400","3.198","0.000"
"1284","4","450","3.198","0.000"
"1285","4","500","0.090","0.000"
"1286","4","550","0.090","0.000"
"1287","4","600","3.198","0.000"
"1288","4","650","3.168","0.000"
"1289","4","700","3.138","0.000"
"1290","4","750","0.210","0.000"
"1291","4","800","0.270","0.000"
"1292","4","850","2.988","0.000"
"1293","4","900","0.360","0.000"
"1294","4","950","0.390","0.000"
"1295","4","1000","0.420","0.000"
"1296","4","1050","2.688","-0.180"
"1297","4","1100","2.688","-0.240"
"1298","4","1150","2.688","-0.300"
"1299","4","1200","0.875","-0.390"
"1300","4","1250","0.875","-0.480"
"1301","4","1300","0.875","-0.570"
"1302","4","1350","0.875","-0.660"
"1303","4","1400","0.875","-0.720"
"1304","4","1450","0.875","-0.750"
"1305","4","1500","0.875","-0.540"
"1306","4","1550","0.875","-0.570"
"1307","4","1600","0.875","-0.600"
"1308","4","1650","0.875","-0.630"
"1309","4","1700","0.875","-0.630"
"1310","4","1750","0.875","-1.290"
"1311","4","1800","0.875","-1.350"
"1312","4","1850","0.875","-1.410"
"1313","4","1900","0.875","-1.470"
"1314","4","1950","0.875","-1.500"
"1315","4","2000","0.875","-1.530"
"1316","4","2050","2.051","-1.813"
"1317","4","2100","1.781","-1.974"
"1318","4","2150","1.781","-2.094"
"1319","4","2200","0.875","-2.400"
"1320","4","2250","0.875","-2.490"
"1321","4","2300","1.085","-3.625"
"1322","4","2350","0.875","-3.480"
"1323","4","2400","0.875","-3.540"
"1324","4","2450","0.875","-2.280"
"1325","4","2500","0.905","-3.625"
"1326","4","2550","0.875","-2.280"
"1327","4","2600","0.905","-3.625"
"1328","4","2650","0.905","-3.625"
"1329","4","2700","0.905","-3.625"
"1330","4","2750","0.905","-3.625"
"1331","4","2800","0.905","-3.625"
"1332","4","2850","0.905","-3.625"
"1333","4","2900","0.905","-3.625"
"1334","4","2950","0.905","-3.625"
"1335","4","3000","0.905","-3.625"
"1336","4","3050","0.905","-3.625"
"1337","4","3100","0.905","-3.625"
"1338","4","3150","0.905","-3.625"
"1339","4","3200","0.905","-3.625"
"1340","4","3250","0.905","-3.625"
"1341","4","3300","0.905","-3.625"
"1342","4","3350","0.905","-3.625"
"1343","4","3400","0.905","-3.625"
"1344","4","3450","0.905","-3.625"
"1345","4","3500","0.875","-2.280"
"1346","4","3550","0.875","-2.280"
"1347","4","3600","0.875","-2.280"
"1348","4","3650","0.875","-2.280"
"1349","4","3700","0.905","-3.625"
"1350","4","3750","0.905","-3.625"
"1351","4","3800","0.905","-3.625"
"1352","4","3850","0.905","-3.625"
"1353","4","3900","0.905","-3.625"
"1354","4","3950","0.905","-3.625"
"1355","5","0","1.781","0.846"
"1356","5","50","0.875","0.660"
"1357","5","100","0.875","0.630"
"1358","5","150","0.875","-2.370"
"1359","5","200","1.781","-2.544"
"1360","5","250","1.781","0.786"
"1361","5","350","1.781","-2.544"
"1362","5","400","1.781","0.786"
"1363","5","550","0.875","-2.520"
"1364","5","600","1.781","-2.514"
"1365","5","650","1.781","-2.544"
"1366","5","700","1.781","-2.544"
"1367","5","750","1.781","-2.514"
"1368","5","800","1.781","-2.484"
"1369","5","850","1.781","-2.454"
"1370","5","900","1.781","-2.424"
"1371","5","950","1.781","-2.424"
"1372","5","1000","1.781","-2.364"
"1373","5","1050","1.781","-2.274"
"1374","5","1100","1.781","-2.184"
"1375","5","1150","1.781","-2.064"
"1376","5","1200","1.781","-1.944"
"1377","5","1250","1.781","-1.824"
"1378","5","1300","1.781","-1.734"
"1379","5","1350","1.781","-1.644"
"1380","5","1400","1.781","-1.554"
"1381","5","1450","1.781","-1.464"
"1382","5","1500","1.781","-1.374"
"1383","5","1550","1.781","-1.284"
"1384","5","1600","1.781","-1.374"
"1385","5","1650","1.781","-0.354"
"1386","5","1700","1.781","-1.134"
"1387","5","1750","1.781","-0.534"
"1388","5","1800","1.781","-0.414"
"1389","5","1850","1.781","-0.294"
"1390","5","1900","1.781","-0.174"
"1391","5","1950","0.875","-0.090"
"1392","5","2000","0.875","0.030"
"1393","5","2050","1.781","0.126"
"1394","5","2100","1.781","0.216"
"1395","5","2150","1.781","0.306"
"1396","5","2200","1.781","0.396"
"1397","5","2250","1.781","0.456"
"1398","5","2300","1.781","0.456"
"1399","5","2350","1.781","0.546"
"1400","5","2400","1.781","0.606"
"1401","5","2450","1.781","0.666"
"1402","5","2500","1.841","0.906"
"1403","5","2550","2.688","1.339"
"1404","5","2600","2.688","1.489"
"1405","5","2650","2.688","1.609"
"1406","5","2700","2.688","1.789"
"1407","5","2750","3.125","3.625"
"1408","5","2800","3.215","3.625"
"1409","5","2850","3.275","3.625"
"1410","5","2900","3.305","3.625"
"1411","5","2950","3.125","3.625"
"1412","5","3000","3.515","3.625"
"1413","5","3050","3.594","2.275"
"1414","5","3100","3.594","3.565"
"1415","5","3150","3.594","3.565"
"1416","5","3200","3.594","3.565"
"1417","5","3250","3.594","2.305"
"1418","5","3300","3.594","2.305"
"1419","5","3350","3.594","2.305"
"1420","5","3400","3.594","2.305"
"1421","5","3450","3.594","3.565"
"1422","5","3500","3.594","3.565"
"1423","5","3550","3.594","2.275"
"1424","5","3600","3.594","2.275"
"1425","5","3650","3.594","2.275"
"1426","5","3700","3.594","2.275"
"1427","5","3750","3.594","2.275"
"1428","5","3800","3.594","2.275"
"1429","5","3850","3.594","3.565"
"1430","5","3900","3.594","3.565"
"1431","5","3950","3.594","3.535"
"1432","5","4000","3.594","2.425"
"1433","5","4050","3.594","3.415"
"1434","5","4100","3.594","2.245"
"1435","5","4150","3.594","2.065"
"1436","5","4200","3.594","1.945"
"1437","5","4250","3.594","1.675"
"1438","5","4300","3.594","1.225"
"1439","5","4350","3.594","1.225"
"1440","5","4400","3.594","0.535"
"1441","5","4450","3.594","0.985"
"1442","5","4500","3.594","0.595"
"1443","5","4550","3.594","0.385"
"1444","5","4600","3.594","0.235"
"1445","5","4650","3.888","0.000"
"1446","5","4700","2.868","0.000"
"1447","5","4750","2.688","-0.120"
"1448","5","4800","2.688","-0.270"
"1449","5","4850","2.688","-0.480"
"1450","5","4900","2.688","-0.210"
"1451","5","4950","2.688","-1.500"
"1452","5","5000","2.688","-1.500"
"1453","5","5050","2.688","-1.410"
"1454","5","5100","2.688","-1.560"
"1455","5","5150","2.688","-1.710"
"1456","5","5200","2.688","-1.710"
"1457","5","5250","2.898","-1.813"
"1458","5","5300","2.988","-1.813"
"1459","5","5350","3.198","-1.813"
"1460","5","5400","3.594","-1.993"
"1461","5","5450","3.594","-2.053"
"1462","5","5500","3.594","-2.113"
"1463","5","5550","3.594","-2.083"
"1464","5","5600","3.594","-2.053"
"1465","5","5650","3.594","-2.023"
"1466","5","5700","3.594","-1.933"
"1467","5","5750","3.594","-1.903"
"1468","5","5800","3.594","-1.903"
"1469","5","5850","3.018","-1.813"
"1470","5","5900","2.778","-1.813"
"1471","5","5950","2.688","-1.320"
"1472","5","6000","2.688","-0.300"
"1473","5","6050","2.688","-0.240"
"1474","5","6100","4.188","0.000"
"1475","5","6150","4.500","1.405"
"1476","5","6200","4.500","1.945"
"1477","5","6250","4.500","1.945"
"1478","5","6300","4.500","1.975"
"1479","5","6350","4.500","1.975"
"1480","5","6400","4.500","1.945"
"1481","5","6450","4.500","1.795"
"1482","5","6500","4.500","1.645"
"1483","5","6550","4.500","1.675"
"1484","5","6600","4.500","1.735"
"1485","5","6650","4.500","1.885"
"1486","5","6700","4.500","2.095"
"1487","5","6750","4.500","2.155"
"1488","5","6800","4.500","2.065"
"1489","5","6850","4.500","1.945"
"1490","5","6900","4.500","1.825"
"1491","5","6950","4.500","1.705"
"1492","5","7000","4.500","1.735"
"1493","5","7050","4.500","1.915"
"1494","5","7100","4.500","2.065"
"1495","5","7150","4.500","2.275"
"1496","5","7200","4.770","2.719"
"1497","5","7250","4.860","2.719"
"1498","5","7300","4.980","2.719"
"1499","5","7350","5.100","2.719"
"1500","5","7400","5.880","2.719"
"1501","5","7450","5.040","2.719"
"1502","5","7500","5.910","2.719"
"1503","5","7550","5.850","2.719"
"1504","5","7600","6.120","2.719"
"1505","5","7650","6.390","2.719"
"1506","5","7700","6.600","2.719"
"1507","5","7750","6.870","2.719"
"1508","5","7800","7.020","2.719"
"1509","5","7850","7.350","2.719"
"1510","5","7900","6.870","2.719"
"1511","5","7950","7.530","2.719"
"1512","5","8000","7.530","2.719"
"1513","5","8050","7.590","2.719"
"1514","5","8100","7.650","2.719"
"1515","5","8150","8.124","2.119"
"1516","5","8200","8.124","1.849"
"1517","5","8250","8.124","0.259"
"1518","5","8300","8.124","1.399"
"1519","5","8350","8.124","0.499"
"1520","5","8400","8.124","0.379"
"1521","5","8450","8.124","0.229"
"1522","5","8500","8.124","0.049"
"1523","5","8550","8.124","-0.191"
"1524","5","8600","8.124","-0.401"
"1525","5","8650","8.124","-0.641"
"1526","5","8700","8.124","-0.671"
"1527","5","8750","7.908","-0.906"
"1528","5","8800","7.788","-0.906"
"1529","5","8850","7.668","-0.906"
"1530","5","8900","7.218","-1.296"
"1531","5","8950","7.218","-1.266"
"1532","5","9000","7.578","-0.906"
"1533","5","9050","7.218","-1.206"
"1534","5","9100","7.698","-1.813"
"1535","5","9150","7.788","-1.813"
"1536","5","9200","7.938","-1.813"
"1537","5","9250","8.124","-2.173"
"1538","5","9300","8.124","-2.173"
"1539","5","9350","8.124","-2.293"
"1540","5","9400","8.124","-3.433"
"1541","5","9450","8.124","-3.313"
"1542","5","9500","8.124","-3.163"
"1543","5","9550","8.124","-3.073"
"1544","5","9600","8.124","-3.133"
"1545","5","9650","8.124","-2.563"
"1546","5","9700","8.124","-3.433"
"1547","5","9750","8.124","-2.293"
"1548","5","9800","8.124","-2.173"
"1549","5","9850","8.124","-2.083"
"1550","5","9900","8.244","-3.625"
"1551","5","9950","8.424","-3.625"
"1552","5","10000","8.634","-3.625"
"1553","5","10050","9.030","-2.466"
"1554","5","10100","9.030","-2.556"
"1555","5","10150","9.030","-2.586"
"1556","5","10200","9.030","-2.616"
"1557","5","10250","9.030","-2.496"
"1558","5","10300","9.030","-2.316"
"1559","5","10350","9.030","-2.076"
"1560","5","10400","9.270","-1.813"
"1561","5","10450","9.030","-1.656"
"1562","5","10500","9.030","-1.566"
"1563","5","10550","9.030","-1.386"
"1564","5","10600","9.030","-1.266"
"1565","5","10650","9.750","-0.906"
"1566","5","10700","9.540","-0.906"
"1567","5","10750","9.660","-0.906"
"1568","5","10800","9.930","-0.906"
"1569","5","10850","10.110","-0.906"
"1570","5","10900","10.290","-0.906"
"1571","5","10950","10.470","-0.906"
"1572","5","11000","10.650","-0.906"
"1573","5","11050","10.740","-0.906"
"1574","5","11100","11.748","-1.290"
"1575","5","11150","11.748","-1.290"
"1576","5","11200","11.748","-1.260"
"1577","5","11250","11.748","-1.260"
"1578","5","11300","11.748","-0.990"
"1579","5","11350","11.700","-0.906"
"1580","5","11400","11.748","-0.300"
"1581","5","11450","11.748","-0.180"
"1582","5","11500","12.018","0.000"
"1583","5","11550","12.168","0.000"
"1584","5","11600","12.378","0.000"
"1585","5","11650","0.000","0.000"
"1586","5","11700","0.000","0.000"
"1587","5","11750","0.000","0.000"
"1588","5","11800","0.000","0.000"
"1589","5","11850","0.000","0.000"
"1590","5","11900","0.000","0.000"
"1591","5","11950","0.000","0.000"
"1592","5","12000","0.000","0.000"
"1593","5","12050","0.000","0.000"
"1594","5","12100","0.000","0.000"
"1595","5","12150","0.000","0.000"
"1596","5","12200","0.000","0.000"
"1597","5","12250","9.600","0.000"
"1598","5","12300","12.198","0.000"
"1599","5","12350","12.048","0.000"
"1600","5","12400","11.928","0.000"
"1601","5","12450","10.140","0.000"
"1602","5","12500","10.140","0.000"
"1603","5","12550","10.140","0.000"
"1604","5","12600","10.140","0.000"
"1605","5","12650","11.898","0.000"
"1606","5","12700","10.140","0.000"
"1607","5","12750","10.140","0.000"
"1608","5","12800","10.140","0.000"
"1609","5","12850","11.898","0.000"
"1610","5","12900","11.898","0.000"
"1611","5","12950","10.110","0.000"
"1612","5","13000","11.928","0.000"
"1613","5","13050","11.928","0.000"
"1614","5","13100","11.928","0.000"
"1615","5","13150","10.110","0.000"
"1616","5","13200","11.898","0.000"
"1617","5","13250","11.898","0.000"
"1618","5","13300","11.898","0.000"
"1619","5","13350","11.748","-0.210"
"1620","5","13400","11.748","-0.240"
"1621","5","13450","11.550","-0.906"
"1622","5","13500","11.490","-0.906"
"1623","5","13550","11.748","-1.290"
"1624","5","13600","11.748","-1.320"
"1625","5","13650","10.470","-1.813"
"1626","5","13700","10.410","-1.813"
"1627","5","13750","10.530","-0.906"
"1628","5","13800","10.470","-0.906"
"1629","5","13850","10.380","-0.906"
"1630","5","13900","10.260","-0.906"
"1631","5","13950","10.140","-0.906"
"1632","5","14000","9.930","-1.813"
"1633","5","14050","9.750","-1.813"
"1634","5","14100","9.720","-0.906"
"1635","5","14250","9.270","-1.813"
"1636","5","14300","9.030","-1.986"
"1637","5","14350","9.030","-2.286"
"1638","5","14400","9.030","-2.466"
"1639","5","14450","9.030","-2.646"
"1640","5","14500","9.030","-3.246"
"1641","5","14550","9.030","-2.586"
"1642","5","14600","9.030","-2.496"
"1643","5","14650","8.784","-3.625"
"1644","5","14700","8.544","-3.625"
"1645","5","14750","8.334","-3.625"
"1646","5","14800","8.244","-3.625"
"1647","5","14850","8.154","-3.625"
"1648","5","14900","8.124","-2.263"
"1649","5","14950","8.124","-3.583"
"1650","5","15000","8.124","-2.323"
"1651","5","15050","8.124","-3.583"
"1652","5","15100","8.124","-2.293"
"1653","5","15150","8.124","-2.113"
"1654","5","15200","8.124","-2.053"
"1655","5","15250","7.938","-1.813"
"1656","5","15300","7.848","-1.813"
"1657","5","15350","7.788","-1.813"
"1658","5","15400","7.638","-1.813"
"1659","5","15450","7.548","-1.813"
"1660","5","15500","7.428","-1.813"
"1661","5","15550","7.218","-1.746"
"1662","5","15600","7.218","-1.626"
"1663","5","15650","7.218","-1.476"
"1664","5","15700","7.218","-1.476"
"1665","5","15750","7.218","-1.326"
"1666","5","15800","7.218","-1.236"
"1667","5","15850","7.608","-0.906"
"1668","5","15900","7.608","-0.906"
"1669","5","15950","7.608","-0.906"
"1670","5","16000","7.758","-0.906"
"1671","5","16050","7.878","-0.906"
"1672","5","16100","8.028","-0.906"
"1673","5","16150","8.124","-0.551"
"1674","5","16200","8.124","-0.341"
"1675","5","16250","8.124","-0.101"
"1676","5","16300","8.124","-0.101"
"1677","5","16350","6.312","-0.330"
"1678","5","16400","5.406","-0.137"
"1679","5","16450","4.188","0.000"
"1680","5","16600","2.441","-1.813"
"1681","5","16650","2.291","-1.813"
"1682","5","16700","2.021","-1.813"
"1683","5","16750","1.781","-1.854"
"1684","5","16800","1.781","-1.884"
"1685","5","16850","1.781","-1.854"
"1686","5","16900","1.781","-1.813"
"1687","5","16950","1.781","-1.614"
"1688","5","17000","1.781","-1.494"
"1689","5","17050","1.781","-1.194"
"1690","5","17100","1.781","-0.444"
"1691","5","17150","1.781","-0.294"
"1692","5","17200","1.781","-0.054"
"1693","5","17250","1.781","0.186"
"1694","5","17300","1.781","0.306"
"1695","5","17350","1.781","0.456"
"1696","5","17400","1.781","0.546"
"1697","5","17450","1.781","0.636"
"1698","5","17500","1.991","0.906"
"1699","5","17550","2.171","0.906"
"1700","5","17600","2.291","0.906"
"1701","5","17650","2.411","0.906"
"1702","5","17700","2.688","1.489"
"1703","5","17750","2.688","1.489"
"1704","5","17800","2.688","1.639"
"1705","5","17850","2.688","1.819"
"1706","5","17900","2.688","1.999"
"1707","5","17950","2.688","2.149"
"1708","5","18000","2.688","2.329"
"1709","5","18050","2.381","2.719"
"1710","5","18100","2.261","2.719"
"1711","5","18150","2.141","2.719"
"1712","5","18200","1.781","2.449"
"1713","5","18250","2.261","2.719"
"1714","5","18300","2.321","2.719"
"1715","5","18350","0.935","2.719"
"1716","5","18400","0.905","2.719"
"1717","5","18450","0.905","2.719"
"1718","5","18500","2.381","2.719"
"1719","5","18550","2.291","2.719"
"1720","5","18600","1.115","2.719"
"1721","5","18650","2.111","2.719"
"1722","5","18700","1.781","2.539"
"1723","5","18750","1.781","2.539"
"1724","5","18800","1.781","2.539"
"1725","5","18850","1.781","2.509"
"1726","5","18900","1.781","2.479"
"1727","5","18950","1.115","2.719"
"1728","5","19000","2.291","2.719"
"1729","5","19050","1.025","2.719"
"1730","5","19100","1.085","2.719"
"1731","5","19150","1.115","2.719"
"1732","5","19200","2.171","2.719"
"1733","5","19250","1.781","2.509"
"1734","5","19300","1.781","2.509"
"1735","5","19350","1.781","2.479"
"1736","5","19400","1.781","2.479"
"1737","5","19450","1.781","2.449"
"1738","5","19500","1.781","2.329"
"1739","5","19550","1.781","2.179"
"1740","5","19600","1.781","1.999"
"1741","5","19650","1.715","1.813"
"1742","5","19700","0.875","1.440"
"1743","5","19800","0.875","0.780"
"1744","5","19850","0.875","0.570"
"1745","5","19900","0.875","0.390"
"1746","5","19950","0.875","0.300"
"1747","5","20000","0.875","0.180"
"1748","5","20050","0.630","0.000"
"1749","5","20100","0.510","0.000"
"1750","5","20150","0.360","0.000"
"1751","5","20200","3.138","0.000"
"1752","5","20250","3.228","0.000"
"1753","5","20300","3.228","0.000"
"1754","5","20350","3.168","0.000"
"1755","6","0","3.228","0.000"
"1756","6","50","3.168","0.000"
"1757","6","200","3.168","0.000"
"1758","6","250","0.180","0.000"
"1759","6","300","0.240","0.000"
"1760","6","350","2.988","0.000"
"1761","6","400","2.898","0.000"
"1762","6","450","2.688","-0.150"
"1763","6","500","2.688","-0.150"
"1764","6","550","2.688","-0.180"
"1765","6","600","2.688","-0.150"
"1766","6","650","0.750","0.000"
"1767","6","700","0.780","0.000"
"1768","6","750","0.875","0.090"
"1769","6","800","0.875","0.180"
"1770","6","850","0.875","0.210"
"1771","6","900","0.875","0.240"
"1772","6","950","0.875","0.300"
"1773","6","1000","0.875","0.390"
"1774","6","1050","0.875","0.540"
"1775","6","1100","0.875","0.720"
"1776","6","1150","0.875","1.410"
"1777","6","1200","0.875","1.560"
"1778","6","1250","0.875","1.650"
"1779","6","1300","1.205","1.813"
"1780","6","1350","1.295","1.813"
"1781","6","1400","1.385","1.813"
"1782","6","1450","1.475","1.813"
"1783","6","1500","1.505","1.813"
"1784","6","1550","1.775","1.813"
"1785","6","1600","1.535","1.813"
"1786","6","1650","1.781","1.909"
"1787","6","1700","1.781","1.939"
"1788","6","1750","1.781","2.179"
"1789","6","1800","1.781","2.299"
"1790","6","1850","1.781","2.419"
"1791","6","1900","1.781","2.509"
"1792","6","1950","1.781","2.539"
"1793","6","2000","1.781","2.539"
"1794","6","2150","2.688","0.000"
"1795","6","2200","2.688","-0.390"
"1796","6","2250","2.838","-1.813"
"1797","6","2300","2.868","-1.813"
"1798","6","2350","2.988","-1.813"
"1799","6","2400","3.078","-1.813"
"1800","6","2450","3.594","-2.083"
"1801","6","2500","3.594","-2.203"
"1802","6","2550","3.594","-2.353"
"1803","6","2600","3.594","-2.473"
"1804","6","2650","3.594","-2.593"
"1805","6","2700","3.594","-2.593"
"1806","6","2750","3.594","-2.593"
"1807","6","2800","3.258","-3.625"
"1808","6","2850","3.228","-3.625"
"1809","6","2900","3.228","-3.625"
"1810","6","2950","3.258","-3.625"
"1811","6","3000","3.228","-3.625"
"1812","6","3050","3.168","-3.625"
"1813","6","3100","3.108","-3.625"
"1814","6","3150","3.018","-3.625"
"1815","6","3200","2.928","-3.625"
"1816","6","3250","2.868","-3.625"
"1817","6","3300","2.808","-3.625"
"1818","6","3350","2.688","-3.529"
"1819","6","3400","2.688","-3.559"
"1820","6","3450","2.718","-3.625"
"1821","6","3500","2.718","-3.625"
"1822","6","3550","2.718","-3.625"
"1823","6","3600","2.748","-3.625"
"1824","6","3650","2.718","-1.813"
"1825","6","3700","2.718","-1.813"
"1826","6","3750","2.718","-1.813"
"1827","6","3800","2.718","-1.813"
"1828","6","3850","2.748","-1.813"
"1829","6","3900","2.778","-1.813"
"1830","6","3950","2.868","-1.813"
"1831","6","4000","2.988","-1.813"
"1832","6","4050","3.594","-1.903"
"1833","6","4200","4.458","-3.625"
"1834","6","4250","4.698","-3.625"
"1835","6","4300","4.908","-3.625"
"1836","6","4350","4.500","-2.616"
"1837","6","4400","4.500","-2.556"
"1838","6","4550","5.406","-1.813"
"1839","6","4700","2.868","-3.625"
"1840","6","4750","2.868","-3.625"
"1841","6","4800","2.928","-3.625"
"1842","6","4850","2.988","-3.625"
"1843","6","4900","3.078","-3.625"
"1844","6","4950","3.138","-2.719"
"1845","6","5000","3.594","-2.593"
"1846","6","5050","3.594","-2.563"
"1847","6","5100","3.048","-2.719"
"1848","6","5150","3.594","-2.623"
"1849","6","5200","3.594","-2.593"
"1850","6","5250","3.594","-2.413"
"1851","6","5300","3.594","-2.293"
"1852","6","5350","3.594","-2.173"
"1853","6","5400","3.594","-2.023"
"1854","6","5450","3.594","-1.903"
"1855","6","5500","3.168","-1.813"
"1856","6","5550","2.958","-1.813"
"1857","6","5600","2.868","-1.813"
"1858","6","5650","2.778","-1.813"
"1859","6","5700","2.688","-1.710"
"1860","6","5750","2.688","-1.650"
"1861","6","5800","2.688","-1.620"
"1862","6","5850","2.688","-1.530"
"1863","6","5900","2.688","-1.650"
"1864","6","5950","2.688","-1.620"
"1865","6","6000","2.688","-0.510"
"1866","6","6050","2.688","-0.270"
"1867","6","6100","2.688","-0.120"
"1868","6","6150","2.748","0.000"
"1869","6","6200","2.928","0.000"
"1870","6","6250","3.108","0.000"
"1871","6","6300","2.688","-0.090"
"1872","6","6350","3.978","0.000"
"1873","6","6400","3.888","0.000"
"1874","6","6450","3.594","0.265"
"1875","6","6500","3.594","0.415"
"1876","6","6550","3.594","0.535"
"1877","6","6600","3.594","0.535"
"1878","6","6650","3.594","0.535"
"1879","6","6700","3.594","1.195"
"1880","6","6750","3.594","1.285"
"1881","6","6800","3.594","1.405"
"1882","6","6850","3.594","1.495"
"1883","6","6900","3.594","1.615"
"1884","6","6950","3.594","1.705"
"1885","6","7000","3.594","1.735"
"1886","6","7050","3.594","1.615"
"1887","6","7100","3.594","1.525"
"1888","6","7150","3.594","1.465"
"1889","6","7200","3.594","1.105"
"1890","6","7250","3.594","0.505"
"1891","6","7300","3.594","0.355"
"1892","6","7350","3.888","0.000"
"1893","6","7400","3.948","0.000"
"1894","6","7450","4.008","0.000"
"1895","6","7500","4.500","0.745"
"1896","6","7550","4.500","1.195"
"1897","6","7600","5.406","1.513"
"1898","6","7700","8.124","1.039"
"1899","6","7750","8.016","0.906"
"1900","6","7800","8.124","-0.371"
"1901","6","7850","8.124","-0.461"
"1902","6","7900","8.124","-0.491"
"1903","6","7950","8.124","-0.581"
"1904","6","8000","8.124","-0.491"
"1905","6","8050","8.124","-0.611"
"1906","6","8100","8.058","-0.906"
"1907","6","8150","7.878","-0.906"
"1908","6","8200","7.788","-0.906"
"1909","6","8250","7.668","-0.906"
"1910","6","8300","7.218","-1.296"
"1911","6","8350","7.218","-1.266"
"1912","6","8400","7.578","-0.906"
"1913","6","8450","7.218","-1.206"
"1914","6","8500","7.788","-0.906"
"1915","6","8550","8.088","-0.906"
"1916","6","8600","8.124","-0.881"
"1917","6","8650","8.124","-0.881"
"1918","6","8700","8.124","-0.881"
"1919","6","8750","9.030","-1.056"
"1920","6","8800","9.030","-1.116"
"1921","6","8850","9.030","-1.116"
"1922","6","8900","9.030","-1.146"
"1923","6","8950","9.030","-1.176"
"1924","6","9000","9.030","-1.236"
"1925","6","9050","9.690","-0.906"
"1926","6","9100","9.990","-0.906"
"1927","6","9150","10.170","-0.906"
"1928","6","9200","10.410","-0.906"
"1929","6","9250","10.740","-0.906"
"1930","6","9300","10.740","-0.906"
"1931","6","9350","11.748","-1.290"
"1932","6","9400","11.748","-1.290"
"1933","6","9450","11.748","-1.290"
"1934","6","9500","11.748","-1.320"
"1935","6","9550","11.748","-1.380"
"1936","6","9600","11.748","-1.470"
"1937","6","9650","11.748","-1.560"
"1938","6","9700","11.748","-1.620"
"1939","6","9750","10.470","-1.813"
"1940","6","9800","10.470","-1.813"
"1941","6","9850","11.748","-1.980"
"1942","6","9900","11.748","-1.980"
"1943","6","9950","11.748","-2.160"
"1944","6","10000","11.748","-2.340"
"1945","6","10050","10.842","-2.023"
"1946","6","10100","10.842","-2.023"
"1947","6","10250","9.936","-3.259"
"1948","6","10300","9.936","-3.169"
"1949","6","10400","11.748","-3.600"
"1950","6","10450","11.748","-2.400"
"1951","6","10550","11.748","-2.340"
"1952","6","10600","10.842","-2.053"
"1953","6","10650","10.842","-1.903"
"1954","6","10700","10.590","-1.813"
"1955","6","10750","11.748","-1.500"
"1956","6","10800","11.748","-1.380"
"1957","6","10850","11.748","-1.290"
"1958","6","10900","11.748","-1.260"
"1959","6","10950","10.650","-0.906"
"1960","6","11000","10.650","-0.906"
"1961","6","11050","10.620","-0.906"
"1962","6","11100","10.620","-0.906"
"1963","6","11150","10.560","-0.906"
"1964","6","11250","11.748","-1.320"
"1965","6","11300","11.748","-1.290"
"1966","6","11350","11.748","-1.290"
"1967","6","11400","11.748","-1.320"
"1968","6","11450","11.748","-1.290"
"1969","6","11500","11.748","-1.320"
"1970","6","11550","11.748","-1.320"
"1971","6","11600","11.748","-1.290"
"1972","6","11650","10.680","-0.906"
"1973","6","11700","10.590","-0.906"
"1974","6","11750","10.470","-0.906"
"1975","6","11800","10.320","-0.906"
"1976","6","11850","10.020","-1.813"
"1977","6","11900","10.050","-1.813"
"1978","6","11950","10.050","-1.813"
"1979","6","12000","10.350","-0.906"
"1980","6","12050","10.530","-0.906"
"1981","6","12100","10.650","-0.906"
"1982","6","12150","11.280","-0.906"
"1983","6","12200","11.748","-1.260"
"1984","6","12250","11.748","-1.260"
"1985","6","12300","11.490","-0.906"
"1986","6","12350","10.440","-0.906"
"1987","6","12500","11.898","0.000"
"1988","6","12550","11.748","-0.150"
"1989","6","12600","11.748","-0.240"
"1990","6","12650","11.748","-0.390"
"1991","6","12700","11.748","-0.960"
"1992","6","12750","11.748","-1.320"
"1993","6","12800","11.748","-1.320"
"1994","6","12850","11.748","-1.050"
"1995","6","12900","10.350","-0.906"
"1996","6","12950","11.748","-0.840"
"1997","6","13000","11.748","-0.150"
"1998","6","13050","10.050","0.000"
"1999","6","13100","12.078","0.000"
"2000","6","13150","9.840","0.000"
"2001","6","13200","9.750","0.000"
"2002","6","13250","9.780","0.000"
"2003","6","13300","9.900","0.000"
"2004","6","13350","12.018","0.000"
"2005","6","13400","10.020","0.000"
"2006","6","13450","10.080","0.000"
"2007","6","13500","10.110","0.000"
"2008","6","13550","11.988","0.000"
"2009","6","13600","12.108","0.000"
"2010","6","13650","12.228","0.000"
"2011","6","13700","9.630","0.000"
"2012","6","13750","12.498","0.000"
"2013","6","13800","12.528","0.000"
"2014","6","13850","12.558","0.000"
"2015","6","14000","12.623","0.000"
"2016","6","14150","8.124","-1.843"
"2017","6","14200","8.334","-3.625"
"2018","6","14250","8.244","-3.625"
"2019","6","14300","8.124","-2.113"
"2020","6","14350","8.124","-2.143"
"2021","6","14400","8.124","-2.173"
"2022","6","14450","8.124","-3.583"
"2023","6","14500","8.124","-3.463"
"2024","6","14550","8.124","-2.413"
"2025","6","14600","8.124","-2.263"
"2026","6","14650","8.118","-0.906"
"2027","6","14700","8.124","-0.881"
"2028","6","14750","8.124","0.589"
"2029","6","14800","8.124","1.309"
"2030","6","14850","8.124","0.559"
"2031","6","14900","8.124","0.649"
"2032","6","14950","8.076","0.906"
"2033","6","15000","8.076","0.906"
"2034","6","15050","8.106","0.906"
"2035","6","15100","8.124","1.129"
"2036","6","15150","8.124","1.309"
"2037","6","15200","8.124","1.549"
"2038","6","15250","8.124","1.729"
"2039","6","15300","8.124","1.909"
"2040","6","15350","8.124","2.029"
"2041","6","15400","8.124","2.119"
"2042","6","15450","8.124","2.209"
"2043","6","15500","8.124","2.239"
"2044","6","15550","7.800","2.719"
"2045","6","15600","7.620","2.719"
"2046","6","15650","6.690","2.719"
"2047","6","15700","6.270","2.719"
"2048","6","15750","6.120","3.625"
"2049","6","15800","6.030","3.625"
"2050","6","15850","5.910","3.625"
"2051","6","15900","5.850","3.625"
"2052","6","15950","5.820","3.625"
"2053","6","16000","5.760","3.625"
"2054","6","16050","5.340","3.625"
"2055","6","16200","4.500","2.395"
"2056","6","16250","4.500","2.335"
"2057","6","16300","4.500","2.275"
"2058","6","16350","4.500","1.975"
"2059","6","16400","4.500","1.765"
"2060","6","16450","4.500","1.075"
"2061","6","16500","4.500","0.355"
"2062","6","16550","4.500","0.145"
"2063","6","16600","4.308","0.000"
"2064","6","16650","4.188","0.000"
"2065","6","16700","4.038","0.000"
"2066","6","16750","3.918","0.000"
"2067","6","16800","3.918","0.000"
"2068","6","16850","3.888","0.000"
"2069","6","16900","3.918","0.000"
"2070","6","16950","3.594","0.505"
"2071","6","17100","3.594","1.975"
"2072","6","17150","3.594","1.945"
"2073","6","17200","3.594","1.915"
"2074","6","17250","3.594","1.885"
"2075","6","17300","3.594","1.885"
"2076","6","17350","3.594","1.945"
"2077","6","17400","3.594","2.035"
"2078","6","17450","3.594","2.155"
"2079","6","17500","3.594","2.155"
"2080","6","17550","2.688","2.119"
"2081","6","17600","2.688","2.329"
"2082","6","17650","2.555","3.625"
"2083","6","17700","2.075","3.625"
"2084","6","17750","1.781","2.089"
"2085","6","17850","2.195","3.625"
"2086","6","17900","0.875","3.439"
"2087","6","18050","1.025","3.625"
"2088","6","18100","0.875","3.379"
"2089","6","18150","2.135","3.625"
"2090","6","18200","2.045","3.625"
"2091","6","18250","2.321","2.719"
"2092","6","18300","2.291","2.719"
"2093","6","18350","2.261","2.719"
"2094","6","18400","1.115","2.719"
"2095","6","18450","1.781","2.509"
"2096","6","18500","1.781","2.479"
"2097","6","18550","1.781","2.479"
"2098","6","18600","1.781","2.509"
"2099","6","18650","1.781","2.509"
"2100","6","18700","2.141","2.719"
"2101","6","18750","2.291","2.719"
"2102","6","18800","2.411","2.719"
"2103","6","18850","2.688","2.389"
"2104","6","18900","2.688","2.269"
"2105","6","18950","2.688","2.149"
"2106","6","19000","2.688","1.969"
"2107","6","19050","2.688","1.759"
"2108","6","19100","2.688","1.549"
"2109","6","19150","2.688","1.549"
"2110","6","19200","2.688","1.549"
"2111","6","19250","2.441","0.906"
"2112","6","19300","2.688","0.000"
"2113","6","19350","1.781","0.066"
"2114","6","19400","1.781","-0.204"
"2115","6","19450","1.781","-0.384"
"2116","6","19500","0.875","-0.690"
"2117","6","19650","1.781","-1.734"
"2118","6","19700","0.875","-2.190"
"2119","6","19750","1.781","-1.974"
"2120","6","19800","1.781","-1.974"
"2121","6","19900","0.875","-2.430"
"2122","6","19950","0.875","-2.490"
"2123","6","20000","0.875","-2.490"
"2124","6","20050","0.875","-2.190"
"2125","6","20100","1.781","-2.004"
"2126","6","20150","1.781","-1.494"
"2127","6","20300","0.750","0.000"
"2128","6","20350","0.720","0.000"
"2129","6","20400","0.720","0.000"
"2130","6","20450","2.688","0.000"
"2131","7","0","1.781","-2.634"
"2132","7","100","1.781","-2.574"
"2133","7","200","1.781","0.786"
"2134","7","350","1.781","0.786"
